dataset,scenario,mode,seed,factor,fp,tn,tp,fn,fpr,tpr
fashion_mnist,cut_backdoor,attacked,42,1.0,1200,960,150,390,0.5555555555555556,0.2777777777777778
fashion_mnist,cut_backdoor,attacked,42,1.25,434,1726,24,516,0.20092592592592592,0.044444444444444446
fashion_mnist,cut_backdoor,attacked,42,1.5,188,1972,2,538,0.08703703703703704,0.003703703703703704
fashion_mnist,cut_backdoor,attacked,42,2.0,5,2155,0,540,0.0023148148148148147,0.0
fashion_mnist,cut_backdoor,attacked,42,2.5,0,2160,0,540,0.0,0.0
fashion_mnist,cut_backdoor,attacked,137,1.0,1155,1005,195,345,0.5347222222222222,0.3611111111111111
fashion_mnist,cut_backdoor,attacked,137,1.25,446,1714,67,473,0.2064814814814815,0.12407407407407407
fashion_mnist,cut_backdoor,attacked,137,1.5,144,2016,12,528,0.06666666666666667,0.022222222222222223
fashion_mnist,cut_backdoor,attacked,137,2.0,5,2155,1,539,0.0023148148148148147,0.001851851851851852
fashion_mnist,cut_backdoor,attacked,137,2.5,0,2160,0,540,0.0,0.0
fashion_mnist,cut_backdoor,attacked,2024,1.0,1096,1064,254,286,0.5074074074074074,0.4703703703703704
fashion_mnist,cut_backdoor,attacked,2024,1.25,479,1681,66,474,0.22175925925925927,0.12222222222222222
fashion_mnist,cut_backdoor,attacked,2024,1.5,152,2008,27,513,0.07037037037037037,0.05
fashion_mnist,cut_backdoor,attacked,2024,2.0,0,2160,0,540,0.0,0.0
fashion_mnist,cut_backdoor,attacked,2024,2.5,0,2160,0,540,0.0,0.0
fashion_mnist,cut_backdoor,clean,42,1.0,1350,1350,0,0,0.5,
fashion_mnist,cut_backdoor,clean,42,1.25,427,2273,0,0,0.15814814814814815,
fashion_mnist,cut_backdoor,clean,42,1.5,170,2530,0,0,0.06296296296296296,
fashion_mnist,cut_backdoor,clean,42,2.0,2,2698,0,0,0.0007407407407407407,
fashion_mnist,cut_backdoor,clean,42,2.5,0,2700,0,0,0.0,
fashion_mnist,cut_backdoor,clean,137,1.0,1350,1350,0,0,0.5,
fashion_mnist,cut_backdoor,clean,137,1.25,499,2201,0,0,0.18481481481481482,
fashion_mnist,cut_backdoor,clean,137,1.5,179,2521,0,0,0.0662962962962963,
fashion_mnist,cut_backdoor,clean,137,2.0,4,2696,0,0,0.0014814814814814814,
fashion_mnist,cut_backdoor,clean,137,2.5,0,2700,0,0,0.0,
fashion_mnist,cut_backdoor,clean,2024,1.0,1350,1350,0,0,0.5,
fashion_mnist,cut_backdoor,clean,2024,1.25,528,2172,0,0,0.19555555555555557,
fashion_mnist,cut_backdoor,clean,2024,1.5,157,2543,0,0,0.05814814814814815,
fashion_mnist,cut_backdoor,clean,2024,2.0,17,2683,0,0,0.006296296296296296,
fashion_mnist,cut_backdoor,clean,2024,2.5,1,2699,0,0,0.00037037037037037035,
fashion_mnist,cut_gaussian,attacked,42,1.0,810,1350,540,0,0.375,1.0
fashion_mnist,cut_gaussian,attacked,42,1.25,410,1750,540,0,0.18981481481481483,1.0
fashion_mnist,cut_gaussian,attacked,42,1.5,192,1968,540,0,0.08888888888888889,1.0
fashion_mnist,cut_gaussian,attacked,42,2.0,47,2113,540,0,0.02175925925925926,1.0
fashion_mnist,cut_gaussian,attacked,42,2.5,11,2149,540,0,0.005092592592592593,1.0
fashion_mnist,cut_gaussian,attacked,137,1.0,810,1350,540,0,0.375,1.0
fashion_mnist,cut_gaussian,attacked,137,1.25,438,1722,540,0,0.20277777777777778,1.0
fashion_mnist,cut_gaussian,attacked,137,1.5,163,1997,540,0,0.07546296296296297,1.0
fashion_mnist,cut_gaussian,attacked,137,2.0,4,2156,540,0,0.001851851851851852,1.0
fashion_mnist,cut_gaussian,attacked,137,2.5,0,2160,540,0,0.0,1.0
fashion_mnist,cut_gaussian,attacked,2024,1.0,810,1350,540,0,0.375,1.0
fashion_mnist,cut_gaussian,attacked,2024,1.25,589,1571,540,0,0.2726851851851852,1.0
fashion_mnist,cut_gaussian,attacked,2024,1.5,488,1672,540,0,0.22592592592592592,1.0
fashion_mnist,cut_gaussian,attacked,2024,2.0,212,1948,540,0,0.09814814814814815,1.0
fashion_mnist,cut_gaussian,attacked,2024,2.5,96,2064,540,0,0.044444444444444446,1.0
fashion_mnist,cut_gaussian,clean,42,1.0,1350,1350,0,0,0.5,
fashion_mnist,cut_gaussian,clean,42,1.25,1210,1490,0,0,0.44814814814814813,
fashion_mnist,cut_gaussian,clean,42,1.5,1169,1531,0,0,0.43296296296296294,
fashion_mnist,cut_gaussian,clean,42,2.0,1093,1607,0,0,0.4048148148148148,
fashion_mnist,cut_gaussian,clean,42,2.5,1061,1639,0,0,0.39296296296296296,
fashion_mnist,cut_gaussian,clean,137,1.0,1350,1350,0,0,0.5,
fashion_mnist,cut_gaussian,clean,137,1.25,800,1900,0,0,0.2962962962962963,
fashion_mnist,cut_gaussian,clean,137,1.5,481,2219,0,0,0.17814814814814814,
fashion_mnist,cut_gaussian,clean,137,2.0,29,2671,0,0,0.01074074074074074,
fashion_mnist,cut_gaussian,clean,137,2.5,0,2700,0,0,0.0,
fashion_mnist,cut_gaussian,clean,2024,1.0,1350,1350,0,0,0.5,
fashion_mnist,cut_gaussian,clean,2024,1.25,944,1756,0,0,0.3496296296296296,
fashion_mnist,cut_gaussian,clean,2024,1.5,679,2021,0,0,0.2514814814814815,
fashion_mnist,cut_gaussian,clean,2024,2.0,398,2302,0,0,0.1474074074074074,
fashion_mnist,cut_gaussian,clean,2024,2.5,219,2481,0,0,0.0811111111111111,
fashion_mnist,cut_minmax,attacked,42,1.0,828,1332,522,18,0.38333333333333336,0.9666666666666667
fashion_mnist,cut_minmax,attacked,42,1.25,142,2018,234,306,0.06574074074074074,0.43333333333333335
fashion_mnist,cut_minmax,attacked,42,1.5,3,2157,18,522,0.001388888888888889,0.03333333333333333
fashion_mnist,cut_minmax,attacked,42,2.0,0,2160,0,540,0.0,0.0
fashion_mnist,cut_minmax,attacked,42,2.5,0,2160,0,540,0.0,0.0
fashion_mnist,cut_minmax,attacked,137,1.0,839,1321,486,54,0.38842592592592595,0.9
fashion_mnist,cut_minmax,attacked,137,1.25,33,2127,0,540,0.015277777777777777,0.0
fashion_mnist,cut_minmax,attacked,137,1.5,0,2160,0,540,0.0,0.0
fashion_mnist,cut_minmax,attacked,137,2.0,0,2160,0,540,0.0,0.0
fashion_mnist,cut_minmax,attacked,137,2.5,0,2160,0,540,0.0,0.0
fashion_mnist,cut_minmax,attacked,2024,1.0,842,1318,504,36,0.38981481481481484,0.9333333333333333
fashion_mnist,cut_minmax,attacked,2024,1.25,209,1951,468,72,0.09675925925925925,0.8666666666666667
fashion_mnist,cut_minmax,attacked,2024,1.5,0,2160,0,540,0.0,0.0
fashion_mnist,cut_minmax,attacked,2024,2.0,0,2160,0,540,0.0,0.0
fashion_mnist,cut_minmax,attacked,2024,2.5,0,2160,0,540,0.0,0.0
fashion_mnist,cut_minmax,clean,42,1.0,1350,1350,0,0,0.5,
fashion_mnist,cut_minmax,clean,42,1.25,1210,1490,0,0,0.44814814814814813,
fashion_mnist,cut_minmax,clean,42,1.5,1169,1531,0,0,0.43296296296296294,
fashion_mnist,cut_minmax,clean,42,2.0,1093,1607,0,0,0.4048148148148148,
fashion_mnist,cut_minmax,clean,42,2.5,1061,1639,0,0,0.39296296296296296,
fashion_mnist,cut_minmax,clean,137,1.0,1350,1350,0,0,0.5,
fashion_mnist,cut_minmax,clean,137,1.25,800,1900,0,0,0.2962962962962963,
fashion_mnist,cut_minmax,clean,137,1.5,481,2219,0,0,0.17814814814814814,
fashion_mnist,cut_minmax,clean,137,2.0,29,2671,0,0,0.01074074074074074,
fashion_mnist,cut_minmax,clean,137,2.5,0,2700,0,0,0.0,
fashion_mnist,cut_minmax,clean,2024,1.0,1350,1350,0,0,0.5,
fashion_mnist,cut_minmax,clean,2024,1.25,944,1756,0,0,0.3496296296296296,
fashion_mnist,cut_minmax,clean,2024,1.5,679,2021,0,0,0.2514814814814815,
fashion_mnist,cut_minmax,clean,2024,2.0,398,2302,0,0,0.1474074074074074,
fashion_mnist,cut_minmax,clean,2024,2.5,219,2481,0,0,0.0811111111111111,
mnist,cut_backdoor,attacked,42,1.0,1220,940,130,410,0.5648148148148148,0.24074074074074073
mnist,cut_backdoor,attacked,42,1.25,390,1770,31,509,0.18055555555555555,0.05740740740740741
mnist,cut_backdoor,attacked,42,1.5,123,2037,0,540,0.05694444444444444,0.0
mnist,cut_backdoor,attacked,42,2.0,0,2160,0,540,0.0,0.0
mnist,cut_backdoor,attacked,42,2.5,0,2160,0,540,0.0,0.0
mnist,cut_backdoor,attacked,137,1.0,1186,974,164,376,0.549074074074074,0.3037037037037037
mnist,cut_backdoor,attacked,137,1.25,483,1677,17,523,0.22361111111111112,0.03148148148148148
mnist,cut_backdoor,attacked,137,1.5,111,2049,0,540,0.05138888888888889,0.0
mnist,cut_backdoor,attacked,137,2.0,0,2160,0,540,0.0,0.0
mnist,cut_backdoor,attacked,137,2.5,0,2160,0,540,0.0,0.0
mnist,cut_backdoor,attacked,2024,1.0,1165,995,185,355,0.5393518518518519,0.3425925925925926
mnist,cut_backdoor,attacked,2024,1.25,343,1817,14,526,0.1587962962962963,0.025925925925925925
mnist,cut_backdoor,attacked,2024,1.5,99,2061,0,540,0.04583333333333333,0.0
mnist,cut_backdoor,attacked,2024,2.0,1,2159,0,540,0.000462962962962963,0.0
mnist,cut_backdoor,attacked,2024,2.5,0,2160,0,540,0.0,0.0
mnist,cut_backdoor,clean,42,1.0,1350,1350,0,0,0.5,
mnist,cut_backdoor,clean,42,1.25,481,2219,0,0,0.17814814814814814,
mnist,cut_backdoor,clean,42,1.5,181,2519,0,0,0.06703703703703703,
mnist,cut_backdoor,clean,42,2.0,0,2700,0,0,0.0,
mnist,cut_backdoor,clean,42,2.5,0,2700,0,0,0.0,
mnist,cut_backdoor,clean,137,1.0,1350,1350,0,0,0.5,
mnist,cut_backdoor,clean,137,1.25,402,2298,0,0,0.14888888888888888,
mnist,cut_backdoor,clean,137,1.5,92,2608,0,0,0.034074074074074076,
mnist,cut_backdoor,clean,137,2.0,0,2700,0,0,0.0,
mnist,cut_backdoor,clean,137,2.5,0,2700,0,0,0.0,
mnist,cut_backdoor,clean,2024,1.0,1350,1350,0,0,0.5,
mnist,cut_backdoor,clean,2024,1.25,429,2271,0,0,0.15888888888888889,
mnist,cut_backdoor,clean,2024,1.5,127,2573,0,0,0.04703703703703704,
mnist,cut_backdoor,clean,2024,2.0,1,2699,0,0,0.00037037037037037035,
mnist,cut_backdoor,clean,2024,2.5,0,2700,0,0,0.0,
mnist,cut_gaussian,attacked,42,1.0,810,1350,540,0,0.375,1.0
mnist,cut_gaussian,attacked,42,1.25,401,1759,540,0,0.18564814814814815,1.0
mnist,cut_gaussian,attacked,42,1.5,85,2075,540,0,0.03935185185185185,1.0
mnist,cut_gaussian,attacked,42,2.0,0,2160,540,0,0.0,1.0
mnist,cut_gaussian,attacked,42,2.5,0,2160,540,0,0.0,1.0
mnist,cut_gaussian,attacked,137,1.0,810,1350,540,0,0.375,1.0
mnist,cut_gaussian,attacked,137,1.25,728,1432,540,0,0.337037037037037,1.0
mnist,cut_gaussian,attacked,137,1.5,637,1523,540,0,0.2949074074074074,1.0
mnist,cut_gaussian,attacked,137,2.0,455,1705,540,0,0.21064814814814814,1.0
mnist,cut_gaussian,attacked,137,2.5,388,1772,540,0,0.17962962962962964,1.0
mnist,cut_gaussian,attacked,2024,1.0,810,1350,540,0,0.375,1.0
mnist,cut_gaussian,attacked,2024,1.25,498,1662,540,0,0.23055555555555557,1.0
mnist,cut_gaussian,attacked,2024,1.5,292,1868,540,0,0.13518518518518519,1.0
mnist,cut_gaussian,attacked,2024,2.0,94,2066,540,0,0.04351851851851852,1.0
mnist,cut_gaussian,attacked,2024,2.5,25,2135,540,0,0.011574074074074073,1.0
mnist,cut_gaussian,clean,42,1.0,1350,1350,0,0,0.5,
mnist,cut_gaussian,clean,42,1.25,1241,1459,0,0,0.4596296296296296,
mnist,cut_gaussian,clean,42,1.5,1197,1503,0,0,0.44333333333333336,
mnist,cut_gaussian,clean,42,2.0,1136,1564,0,0,0.42074074074074075,
mnist,cut_gaussian,clean,42,2.5,1031,1669,0,0,0.38185185185185183,
mnist,cut_gaussian,clean,137,1.0,1350,1350,0,0,0.5,
mnist,cut_gaussian,clean,137,1.25,1270,1430,0,0,0.4703703703703704,
mnist,cut_gaussian,clean,137,1.5,1216,1484,0,0,0.45037037037037037,
mnist,cut_gaussian,clean,137,2.0,1167,1533,0,0,0.43222222222222223,
mnist,cut_gaussian,clean,137,2.5,1098,1602,0,0,0.4066666666666667,
mnist,cut_gaussian,clean,2024,1.0,1350,1350,0,0,0.5,
mnist,cut_gaussian,clean,2024,1.25,1237,1463,0,0,0.45814814814814814,
mnist,cut_gaussian,clean,2024,1.5,1163,1537,0,0,0.43074074074074076,
mnist,cut_gaussian,clean,2024,2.0,861,1839,0,0,0.3188888888888889,
mnist,cut_gaussian,clean,2024,2.5,625,2075,0,0,0.23148148148148148,
mnist,cut_minmax,attacked,42,1.0,818,1342,522,18,0.3787037037037037,0.9666666666666667
mnist,cut_minmax,attacked,42,1.25,27,2133,0,540,0.0125,0.0
mnist,cut_minmax,attacked,42,1.5,0,2160,0,540,0.0,0.0
mnist,cut_minmax,attacked,42,2.0,0,2160,0,540,0.0,0.0
mnist,cut_minmax,attacked,42,2.5,0,2160,0,540,0.0,0.0
mnist,cut_minmax,attacked,137,1.0,810,1350,540,0,0.375,1.0
mnist,cut_minmax,attacked,137,1.25,670,1490,522,18,0.3101851851851852,0.9666666666666667
mnist,cut_minmax,attacked,137,1.5,224,1936,468,72,0.1037037037037037,0.8666666666666667
mnist,cut_minmax,attacked,137,2.0,0,2160,0,540,0.0,0.0
mnist,cut_minmax,attacked,137,2.5,0,2160,0,540,0.0,0.0
mnist,cut_minmax,attacked,2024,1.0,810,1350,540,0,0.375,1.0
mnist,cut_minmax,attacked,2024,1.25,11,2149,36,504,0.005092592592592593,0.06666666666666667
mnist,cut_minmax,attacked,2024,1.5,0,2160,0,540,0.0,0.0
mnist,cut_minmax,attacked,2024,2.0,0,2160,0,540,0.0,0.0
mnist,cut_minmax,attacked,2024,2.5,0,2160,0,540,0.0,0.0
mnist,cut_minmax,clean,42,1.0,1350,1350,0,0,0.5,
mnist,cut_minmax,clean,42,1.25,1241,1459,0,0,0.4596296296296296,
mnist,cut_minmax,clean,42,1.5,1197,1503,0,0,0.44333333333333336,
mnist,cut_minmax,clean,42,2.0,1136,1564,0,0,0.42074074074074075,
mnist,cut_minmax,clean,42,2.5,1031,1669,0,0,0.38185185185185183,
mnist,cut_minmax,clean,137,1.0,1350,1350,0,0,0.5,
mnist,cut_minmax,clean,137,1.25,1270,1430,0,0,0.4703703703703704,
mnist,cut_minmax,clean,137,1.5,1216,1484,0,0,0.45037037037037037,
mnist,cut_minmax,clean,137,2.0,1167,1533,0,0,0.43222222222222223,
mnist,cut_minmax,clean,137,2.5,1098,1602,0,0,0.4066666666666667,
mnist,cut_minmax,clean,2024,1.0,1350,1350,0,0,0.5,
mnist,cut_minmax,clean,2024,1.25,1237,1463,0,0,0.45814814814814814,
mnist,cut_minmax,clean,2024,1.5,1163,1537,0,0,0.43074074074074076,
mnist,cut_minmax,clean,2024,2.0,861,1839,0,0,0.3188888888888889,
mnist,cut_minmax,clean,2024,2.5,625,2075,0,0,0.23148148148148148,
