reference,mode,dataset,scenario,seed,round,gate,cutoff,fp,tp,honest_count,malicious_count,fpr,tpr,layer,fallback,natural_clusters,rejected_clusters,attack_gate
0,cutoff_attacked,fashion_mnist,scenario_cut_minmax,137,0,original,True,0,0,72,18,0.0,0.0,L0_only,False,0,0,False
0,cutoff_attacked,fashion_mnist,scenario_cut_minmax,137,0,original,False,0,0,72,18,0.0,0.0,L0_only,False,0,0,False
0,cutoff_attacked,fashion_mnist,scenario_cut_minmax,137,0,density_only,True,0,0,72,18,0.0,0.0,L0+L2_SNNC,False,0,0,True
0,cutoff_attacked,fashion_mnist,scenario_cut_minmax,137,0,density_only,False,0,0,72,18,0.0,0.0,L0+L2_SNNC,False,2,0,True
0,cutoff_attacked,fashion_mnist,scenario_cut_minmax,137,9,original,True,0,0,72,18,0.0,0.0,L0_only,False,0,0,False
0,cutoff_attacked,fashion_mnist,scenario_cut_minmax,137,9,original,False,0,0,72,18,0.0,0.0,L0_only,False,0,0,False
0,cutoff_attacked,fashion_mnist,scenario_cut_minmax,137,9,density_only,True,0,0,72,18,0.0,0.0,L0+L2_SNNC,False,0,0,True
0,cutoff_attacked,fashion_mnist,scenario_cut_minmax,137,9,density_only,False,0,0,72,18,0.0,0.0,L0+L2_SNNC,False,1,0,True
0,cutoff_attacked,fashion_mnist,scenario_cut_minmax,137,29,original,True,0,0,72,18,0.0,0.0,L0_only,False,0,0,False
0,cutoff_attacked,fashion_mnist,scenario_cut_minmax,137,29,original,False,0,0,72,18,0.0,0.0,L0_only,False,0,0,False
0,cutoff_attacked,fashion_mnist,scenario_cut_minmax,137,29,density_only,True,0,0,72,18,0.0,0.0,L0+L2_SNNC,False,0,0,True
0,cutoff_attacked,fashion_mnist,scenario_cut_minmax,137,29,density_only,False,0,0,72,18,0.0,0.0,L0+L2_SNNC,False,1,0,True
1,cutoff_attacked,fashion_mnist,scenario_cut_minmax,2024,0,original,True,0,0,72,18,0.0,0.0,L0_only,False,0,0,False
1,cutoff_attacked,fashion_mnist,scenario_cut_minmax,2024,0,original,False,0,0,72,18,0.0,0.0,L0_only,False,0,0,False
1,cutoff_attacked,fashion_mnist,scenario_cut_minmax,2024,0,density_only,True,0,0,72,18,0.0,0.0,L0+L2_SNNC,False,0,0,True
1,cutoff_attacked,fashion_mnist,scenario_cut_minmax,2024,0,density_only,False,0,0,72,18,0.0,0.0,L0+L2_SNNC,False,1,0,True
1,cutoff_attacked,fashion_mnist,scenario_cut_minmax,2024,9,original,True,0,0,72,18,0.0,0.0,L0_only,False,0,0,False
1,cutoff_attacked,fashion_mnist,scenario_cut_minmax,2024,9,original,False,0,0,72,18,0.0,0.0,L0_only,False,0,0,False
1,cutoff_attacked,fashion_mnist,scenario_cut_minmax,2024,9,density_only,True,0,0,72,18,0.0,0.0,L0+L2_SNNC,False,0,0,True
1,cutoff_attacked,fashion_mnist,scenario_cut_minmax,2024,9,density_only,False,0,0,72,18,0.0,0.0,L0+L2_SNNC,False,1,0,True
1,cutoff_attacked,fashion_mnist,scenario_cut_minmax,2024,29,original,True,0,0,72,18,0.0,0.0,L0_only,False,0,0,False
1,cutoff_attacked,fashion_mnist,scenario_cut_minmax,2024,29,original,False,0,0,72,18,0.0,0.0,L0_only,False,0,0,False
1,cutoff_attacked,fashion_mnist,scenario_cut_minmax,2024,29,density_only,True,0,0,72,18,0.0,0.0,L0+L2_SNNC,False,0,0,True
1,cutoff_attacked,fashion_mnist,scenario_cut_minmax,2024,29,density_only,False,0,0,72,18,0.0,0.0,L0+L2_SNNC,False,1,0,True
2,cutoff_attacked,fashion_mnist,scenario_cut_minmax,42,0,original,True,0,0,72,18,0.0,0.0,L0_only,False,0,0,False
2,cutoff_attacked,fashion_mnist,scenario_cut_minmax,42,0,original,False,0,0,72,18,0.0,0.0,L0_only,False,0,0,False
2,cutoff_attacked,fashion_mnist,scenario_cut_minmax,42,0,density_only,True,0,0,72,18,0.0,0.0,L0+L2_SNNC,False,0,0,True
2,cutoff_attacked,fashion_mnist,scenario_cut_minmax,42,0,density_only,False,0,0,72,18,0.0,0.0,L0+L2_SNNC,False,3,0,True
2,cutoff_attacked,fashion_mnist,scenario_cut_minmax,42,9,original,True,0,0,72,18,0.0,0.0,L0_only,False,0,0,False
2,cutoff_attacked,fashion_mnist,scenario_cut_minmax,42,9,original,False,0,0,72,18,0.0,0.0,L0_only,False,0,0,False
2,cutoff_attacked,fashion_mnist,scenario_cut_minmax,42,9,density_only,True,0,0,72,18,0.0,0.0,L0+L2_SNNC,False,0,0,True
2,cutoff_attacked,fashion_mnist,scenario_cut_minmax,42,9,density_only,False,0,0,72,18,0.0,0.0,L0+L2_SNNC,False,1,0,True
2,cutoff_attacked,fashion_mnist,scenario_cut_minmax,42,29,original,True,0,0,72,18,0.0,0.0,L0_only,False,0,0,False
2,cutoff_attacked,fashion_mnist,scenario_cut_minmax,42,29,original,False,0,0,72,18,0.0,0.0,L0_only,False,0,0,False
2,cutoff_attacked,fashion_mnist,scenario_cut_minmax,42,29,density_only,True,0,0,72,18,0.0,0.0,L0+L2_SNNC,False,0,0,True
2,cutoff_attacked,fashion_mnist,scenario_cut_minmax,42,29,density_only,False,0,0,72,18,0.0,0.0,L0+L2_SNNC,False,1,0,True
3,cutoff_attacked,mnist,scenario_cut_minmax,137,0,original,True,0,0,72,18,0.0,0.0,L0_only,False,0,0,False
3,cutoff_attacked,mnist,scenario_cut_minmax,137,0,original,False,0,0,72,18,0.0,0.0,L0_only,False,0,0,False
3,cutoff_attacked,mnist,scenario_cut_minmax,137,0,density_only,True,0,0,72,18,0.0,0.0,L0+L2_SNNC,False,0,0,True
3,cutoff_attacked,mnist,scenario_cut_minmax,137,0,density_only,False,0,0,72,18,0.0,0.0,L0+L2_SNNC,False,1,0,True
3,cutoff_attacked,mnist,scenario_cut_minmax,137,9,original,True,0,0,72,18,0.0,0.0,L0_only,False,0,0,False
3,cutoff_attacked,mnist,scenario_cut_minmax,137,9,original,False,0,0,72,18,0.0,0.0,L0_only,False,0,0,False
3,cutoff_attacked,mnist,scenario_cut_minmax,137,9,density_only,True,0,0,72,18,0.0,0.0,L0+L2_SNNC,False,0,0,True
3,cutoff_attacked,mnist,scenario_cut_minmax,137,9,density_only,False,0,0,72,18,0.0,0.0,L0+L2_SNNC,False,1,0,True
3,cutoff_attacked,mnist,scenario_cut_minmax,137,29,original,True,0,0,72,18,0.0,0.0,L0_only,False,0,0,False
3,cutoff_attacked,mnist,scenario_cut_minmax,137,29,original,False,0,0,72,18,0.0,0.0,L0_only,False,0,0,False
3,cutoff_attacked,mnist,scenario_cut_minmax,137,29,density_only,True,0,0,72,18,0.0,0.0,L0+L2_SNNC,False,0,0,True
3,cutoff_attacked,mnist,scenario_cut_minmax,137,29,density_only,False,0,0,72,18,0.0,0.0,L0+L2_SNNC,False,1,0,True
4,cutoff_attacked,mnist,scenario_cut_minmax,2024,0,original,True,0,0,72,18,0.0,0.0,L0_only,False,0,0,False
4,cutoff_attacked,mnist,scenario_cut_minmax,2024,0,original,False,0,0,72,18,0.0,0.0,L0_only,False,0,0,False
4,cutoff_attacked,mnist,scenario_cut_minmax,2024,0,density_only,True,0,0,72,18,0.0,0.0,L0+L2_SNNC,False,0,0,True
4,cutoff_attacked,mnist,scenario_cut_minmax,2024,0,density_only,False,0,0,72,18,0.0,0.0,L0+L2_SNNC,False,1,0,True
4,cutoff_attacked,mnist,scenario_cut_minmax,2024,9,original,True,0,0,72,18,0.0,0.0,L0_only,False,0,0,False
4,cutoff_attacked,mnist,scenario_cut_minmax,2024,9,original,False,0,0,72,18,0.0,0.0,L0_only,False,0,0,False
4,cutoff_attacked,mnist,scenario_cut_minmax,2024,9,density_only,True,0,0,72,18,0.0,0.0,L0+L2_SNNC,False,0,0,True
4,cutoff_attacked,mnist,scenario_cut_minmax,2024,9,density_only,False,0,0,72,18,0.0,0.0,L0+L2_SNNC,False,1,0,True
4,cutoff_attacked,mnist,scenario_cut_minmax,2024,29,original,True,0,0,72,18,0.0,0.0,L0_only,False,0,0,False
4,cutoff_attacked,mnist,scenario_cut_minmax,2024,29,original,False,0,0,72,18,0.0,0.0,L0_only,False,0,0,False
4,cutoff_attacked,mnist,scenario_cut_minmax,2024,29,density_only,True,0,0,72,18,0.0,0.0,L0+L2_SNNC,False,0,0,True
4,cutoff_attacked,mnist,scenario_cut_minmax,2024,29,density_only,False,0,0,72,18,0.0,0.0,L0+L2_SNNC,False,1,0,True
5,cutoff_attacked,mnist,scenario_cut_minmax,42,0,original,True,0,0,72,18,0.0,0.0,L0_only,False,0,0,False
5,cutoff_attacked,mnist,scenario_cut_minmax,42,0,original,False,0,0,72,18,0.0,0.0,L0_only,False,0,0,False
5,cutoff_attacked,mnist,scenario_cut_minmax,42,0,density_only,True,0,0,72,18,0.0,0.0,L0+L2_SNNC,False,0,0,True
5,cutoff_attacked,mnist,scenario_cut_minmax,42,0,density_only,False,0,0,72,18,0.0,0.0,L0+L2_SNNC,False,1,0,True
5,cutoff_attacked,mnist,scenario_cut_minmax,42,9,original,True,0,0,72,18,0.0,0.0,L0_only,False,0,0,False
5,cutoff_attacked,mnist,scenario_cut_minmax,42,9,original,False,0,0,72,18,0.0,0.0,L0_only,False,0,0,False
5,cutoff_attacked,mnist,scenario_cut_minmax,42,9,density_only,True,0,0,72,18,0.0,0.0,L0+L2_SNNC,False,0,0,True
5,cutoff_attacked,mnist,scenario_cut_minmax,42,9,density_only,False,0,0,72,18,0.0,0.0,L0+L2_SNNC,False,1,0,True
5,cutoff_attacked,mnist,scenario_cut_minmax,42,29,original,True,0,0,72,18,0.0,0.0,L0_only,False,0,0,False
5,cutoff_attacked,mnist,scenario_cut_minmax,42,29,original,False,0,0,72,18,0.0,0.0,L0_only,False,0,0,False
5,cutoff_attacked,mnist,scenario_cut_minmax,42,29,density_only,True,0,0,72,18,0.0,0.0,L0+L2_SNNC,False,0,0,True
5,cutoff_attacked,mnist,scenario_cut_minmax,42,29,density_only,False,0,0,72,18,0.0,0.0,L0+L2_SNNC,False,1,0,True
6,cutoff_clean,fashion_mnist,scenario_cut_minmax,137,0,original,True,0,0,90,0,0.0,,L0_only,False,0,0,False
6,cutoff_clean,fashion_mnist,scenario_cut_minmax,137,0,original,False,0,0,90,0,0.0,,L0_only,False,0,0,False
6,cutoff_clean,fashion_mnist,scenario_cut_minmax,137,0,density_only,True,0,0,90,0,0.0,,L0+L2_SNNC,False,6,0,True
6,cutoff_clean,fashion_mnist,scenario_cut_minmax,137,0,density_only,False,0,0,90,0,0.0,,L0+L2_SNNC,False,1,0,True
6,cutoff_clean,fashion_mnist,scenario_cut_minmax,137,9,original,True,0,0,90,0,0.0,,L0_only,False,0,0,False
6,cutoff_clean,fashion_mnist,scenario_cut_minmax,137,9,original,False,0,0,90,0,0.0,,L0_only,False,0,0,False
6,cutoff_clean,fashion_mnist,scenario_cut_minmax,137,9,density_only,True,0,0,90,0,0.0,,L0+L2_SNNC,False,7,0,True
6,cutoff_clean,fashion_mnist,scenario_cut_minmax,137,9,density_only,False,0,0,90,0,0.0,,L0+L2_SNNC,False,1,0,True
6,cutoff_clean,fashion_mnist,scenario_cut_minmax,137,29,original,True,0,0,90,0,0.0,,L0_only,False,0,0,False
6,cutoff_clean,fashion_mnist,scenario_cut_minmax,137,29,original,False,0,0,90,0,0.0,,L0_only,False,0,0,False
6,cutoff_clean,fashion_mnist,scenario_cut_minmax,137,29,density_only,True,0,0,90,0,0.0,,L0_only,False,0,0,False
6,cutoff_clean,fashion_mnist,scenario_cut_minmax,137,29,density_only,False,0,0,90,0,0.0,,L0_only,False,0,0,False
7,cutoff_clean,fashion_mnist,scenario_cut_minmax,2024,0,original,True,0,0,90,0,0.0,,L0_only,False,0,0,False
7,cutoff_clean,fashion_mnist,scenario_cut_minmax,2024,0,original,False,0,0,90,0,0.0,,L0_only,False,0,0,False
7,cutoff_clean,fashion_mnist,scenario_cut_minmax,2024,0,density_only,True,0,0,90,0,0.0,,L0_only,False,0,0,False
7,cutoff_clean,fashion_mnist,scenario_cut_minmax,2024,0,density_only,False,0,0,90,0,0.0,,L0_only,False,0,0,False
7,cutoff_clean,fashion_mnist,scenario_cut_minmax,2024,9,original,True,2,0,90,0,0.022222222222222223,,L0_only,False,0,0,False
7,cutoff_clean,fashion_mnist,scenario_cut_minmax,2024,9,original,False,2,0,90,0,0.022222222222222223,,L0_only,False,0,0,False
7,cutoff_clean,fashion_mnist,scenario_cut_minmax,2024,9,density_only,True,2,0,90,0,0.022222222222222223,,L0+L2_SNNC,False,3,0,True
7,cutoff_clean,fashion_mnist,scenario_cut_minmax,2024,9,density_only,False,2,0,90,0,0.022222222222222223,,L0+L2_SNNC,False,1,0,True
7,cutoff_clean,fashion_mnist,scenario_cut_minmax,2024,29,original,True,16,0,90,0,0.17777777777777778,,L0+L2_SNNC,False,5,1,True
7,cutoff_clean,fashion_mnist,scenario_cut_minmax,2024,29,original,False,14,0,90,0,0.15555555555555556,,L0+L2_SNNC,False,1,0,True
7,cutoff_clean,fashion_mnist,scenario_cut_minmax,2024,29,density_only,True,16,0,90,0,0.17777777777777778,,L0+L2_SNNC,False,5,1,True
7,cutoff_clean,fashion_mnist,scenario_cut_minmax,2024,29,density_only,False,14,0,90,0,0.15555555555555556,,L0+L2_SNNC,False,1,0,True
8,cutoff_clean,fashion_mnist,scenario_cut_minmax,42,0,original,True,0,0,90,0,0.0,,L0_only,False,0,0,False
8,cutoff_clean,fashion_mnist,scenario_cut_minmax,42,0,original,False,0,0,90,0,0.0,,L0_only,False,0,0,False
8,cutoff_clean,fashion_mnist,scenario_cut_minmax,42,0,density_only,True,0,0,90,0,0.0,,L0+L2_SNNC,False,5,0,True
8,cutoff_clean,fashion_mnist,scenario_cut_minmax,42,0,density_only,False,0,0,90,0,0.0,,L0+L2_SNNC,False,1,0,True
8,cutoff_clean,fashion_mnist,scenario_cut_minmax,42,9,original,True,38,0,90,0,0.4222222222222222,,L0+L2_SNNC,False,2,0,True
8,cutoff_clean,fashion_mnist,scenario_cut_minmax,42,9,original,False,38,0,90,0,0.4222222222222222,,L3_safety_fallback_L0,True,1,1,True
8,cutoff_clean,fashion_mnist,scenario_cut_minmax,42,9,density_only,True,38,0,90,0,0.4222222222222222,,L0+L2_SNNC,False,2,0,True
8,cutoff_clean,fashion_mnist,scenario_cut_minmax,42,9,density_only,False,38,0,90,0,0.4222222222222222,,L3_safety_fallback_L0,True,1,1,True
8,cutoff_clean,fashion_mnist,scenario_cut_minmax,42,29,original,True,39,0,90,0,0.43333333333333335,,L0+L2_SNNC,False,1,0,True
8,cutoff_clean,fashion_mnist,scenario_cut_minmax,42,29,original,False,39,0,90,0,0.43333333333333335,,L3_safety_fallback_L0,True,1,1,True
8,cutoff_clean,fashion_mnist,scenario_cut_minmax,42,29,density_only,True,39,0,90,0,0.43333333333333335,,L0+L2_SNNC,False,1,0,True
8,cutoff_clean,fashion_mnist,scenario_cut_minmax,42,29,density_only,False,39,0,90,0,0.43333333333333335,,L3_safety_fallback_L0,True,1,1,True
9,cutoff_clean,mnist,scenario_cut_minmax,137,0,original,True,17,0,90,0,0.18888888888888888,,L0+L2_SNNC,False,1,0,True
9,cutoff_clean,mnist,scenario_cut_minmax,137,0,original,False,17,0,90,0,0.18888888888888888,,L0+L2_SNNC,False,1,0,True
9,cutoff_clean,mnist,scenario_cut_minmax,137,0,density_only,True,17,0,90,0,0.18888888888888888,,L0+L2_SNNC,False,1,0,True
9,cutoff_clean,mnist,scenario_cut_minmax,137,0,density_only,False,17,0,90,0,0.18888888888888888,,L0+L2_SNNC,False,1,0,True
9,cutoff_clean,mnist,scenario_cut_minmax,137,9,original,True,36,0,90,0,0.4,,L3_safety_fallback_L0,True,1,1,True
9,cutoff_clean,mnist,scenario_cut_minmax,137,9,original,False,36,0,90,0,0.4,,L3_safety_fallback_L0,True,1,1,True
9,cutoff_clean,mnist,scenario_cut_minmax,137,9,density_only,True,36,0,90,0,0.4,,L3_safety_fallback_L0,True,1,1,True
9,cutoff_clean,mnist,scenario_cut_minmax,137,9,density_only,False,36,0,90,0,0.4,,L3_safety_fallback_L0,True,1,1,True
9,cutoff_clean,mnist,scenario_cut_minmax,137,29,original,True,38,0,90,0,0.4222222222222222,,L0+L2_SNNC,False,1,0,True
9,cutoff_clean,mnist,scenario_cut_minmax,137,29,original,False,38,0,90,0,0.4222222222222222,,L3_safety_fallback_L0,True,1,1,True
9,cutoff_clean,mnist,scenario_cut_minmax,137,29,density_only,True,38,0,90,0,0.4222222222222222,,L0+L2_SNNC,False,1,0,True
9,cutoff_clean,mnist,scenario_cut_minmax,137,29,density_only,False,38,0,90,0,0.4222222222222222,,L3_safety_fallback_L0,True,1,1,True
10,cutoff_clean,mnist,scenario_cut_minmax,2024,0,original,True,0,0,90,0,0.0,,L0_only,False,0,0,False
10,cutoff_clean,mnist,scenario_cut_minmax,2024,0,original,False,0,0,90,0,0.0,,L0_only,False,0,0,False
10,cutoff_clean,mnist,scenario_cut_minmax,2024,0,density_only,True,0,0,90,0,0.0,,L0+L2_SNNC,False,1,0,True
10,cutoff_clean,mnist,scenario_cut_minmax,2024,0,density_only,False,0,0,90,0,0.0,,L0+L2_SNNC,False,1,0,True
10,cutoff_clean,mnist,scenario_cut_minmax,2024,9,original,True,33,0,90,0,0.36666666666666664,,L0+L2_SNNC,False,6,5,True
10,cutoff_clean,mnist,scenario_cut_minmax,2024,9,original,False,19,0,90,0,0.2111111111111111,,L0+L2_SNNC,False,1,0,True
10,cutoff_clean,mnist,scenario_cut_minmax,2024,9,density_only,True,33,0,90,0,0.36666666666666664,,L0+L2_SNNC,False,6,5,True
10,cutoff_clean,mnist,scenario_cut_minmax,2024,9,density_only,False,19,0,90,0,0.2111111111111111,,L0+L2_SNNC,False,1,0,True
10,cutoff_clean,mnist,scenario_cut_minmax,2024,29,original,True,23,0,90,0,0.25555555555555554,,L0+L2_SNNC,False,2,1,True
10,cutoff_clean,mnist,scenario_cut_minmax,2024,29,original,False,21,0,90,0,0.23333333333333334,,L0+L2_SNNC,False,1,0,True
10,cutoff_clean,mnist,scenario_cut_minmax,2024,29,density_only,True,23,0,90,0,0.25555555555555554,,L0+L2_SNNC,False,2,1,True
10,cutoff_clean,mnist,scenario_cut_minmax,2024,29,density_only,False,21,0,90,0,0.23333333333333334,,L0+L2_SNNC,False,1,0,True
11,cutoff_clean,mnist,scenario_cut_minmax,42,0,original,True,0,0,90,0,0.0,,L0_only,False,0,0,False
11,cutoff_clean,mnist,scenario_cut_minmax,42,0,original,False,0,0,90,0,0.0,,L0_only,False,0,0,False
11,cutoff_clean,mnist,scenario_cut_minmax,42,0,density_only,True,0,0,90,0,0.0,,L0+L2_SNNC,False,1,0,True
11,cutoff_clean,mnist,scenario_cut_minmax,42,0,density_only,False,0,0,90,0,0.0,,L0+L2_SNNC,False,1,0,True
11,cutoff_clean,mnist,scenario_cut_minmax,42,9,original,True,39,0,90,0,0.43333333333333335,,L0+L2_SNNC,False,1,0,True
11,cutoff_clean,mnist,scenario_cut_minmax,42,9,original,False,39,0,90,0,0.43333333333333335,,L0+L2_SNNC,False,1,0,True
11,cutoff_clean,mnist,scenario_cut_minmax,42,9,density_only,True,39,0,90,0,0.43333333333333335,,L0+L2_SNNC,False,1,0,True
11,cutoff_clean,mnist,scenario_cut_minmax,42,9,density_only,False,39,0,90,0,0.43333333333333335,,L0+L2_SNNC,False,1,0,True
11,cutoff_clean,mnist,scenario_cut_minmax,42,29,original,True,38,0,90,0,0.4222222222222222,,L0+L2_SNNC,False,1,0,True
11,cutoff_clean,mnist,scenario_cut_minmax,42,29,original,False,38,0,90,0,0.4222222222222222,,L3_safety_fallback_L0,True,1,1,True
11,cutoff_clean,mnist,scenario_cut_minmax,42,29,density_only,True,38,0,90,0,0.4222222222222222,,L0+L2_SNNC,False,1,0,True
11,cutoff_clean,mnist,scenario_cut_minmax,42,29,density_only,False,38,0,90,0,0.4222222222222222,,L3_safety_fallback_L0,True,1,1,True
12,cutoff_attacked,fashion_mnist,scenario_cut_backdoor,137,0,original,True,0,0,72,18,0.0,0.0,L0_only,False,0,0,False
12,cutoff_attacked,fashion_mnist,scenario_cut_backdoor,137,0,original,False,0,0,72,18,0.0,0.0,L0_only,False,0,0,False
12,cutoff_attacked,fashion_mnist,scenario_cut_backdoor,137,0,density_only,True,0,0,72,18,0.0,0.0,L0+L2_SNNC,False,1,0,True
12,cutoff_attacked,fashion_mnist,scenario_cut_backdoor,137,0,density_only,False,0,0,72,18,0.0,0.0,L0+L2_SNNC,False,1,0,True
12,cutoff_attacked,fashion_mnist,scenario_cut_backdoor,137,9,original,True,0,0,72,18,0.0,0.0,L0_only,False,0,0,False
12,cutoff_attacked,fashion_mnist,scenario_cut_backdoor,137,9,original,False,0,0,72,18,0.0,0.0,L0_only,False,0,0,False
12,cutoff_attacked,fashion_mnist,scenario_cut_backdoor,137,9,density_only,True,0,0,72,18,0.0,0.0,L0+L2_SNNC,False,1,0,True
12,cutoff_attacked,fashion_mnist,scenario_cut_backdoor,137,9,density_only,False,0,0,72,18,0.0,0.0,L0+L2_SNNC,False,1,0,True
12,cutoff_attacked,fashion_mnist,scenario_cut_backdoor,137,29,original,True,0,0,72,18,0.0,0.0,L0_only,False,0,0,False
12,cutoff_attacked,fashion_mnist,scenario_cut_backdoor,137,29,original,False,0,0,72,18,0.0,0.0,L0_only,False,0,0,False
12,cutoff_attacked,fashion_mnist,scenario_cut_backdoor,137,29,density_only,True,0,0,72,18,0.0,0.0,L0+L2_SNNC,False,5,0,True
12,cutoff_attacked,fashion_mnist,scenario_cut_backdoor,137,29,density_only,False,0,0,72,18,0.0,0.0,L0+L2_SNNC,False,1,0,True
13,cutoff_attacked,fashion_mnist,scenario_cut_backdoor,2024,0,original,True,0,0,72,18,0.0,0.0,L0_only,False,0,0,False
13,cutoff_attacked,fashion_mnist,scenario_cut_backdoor,2024,0,original,False,0,0,72,18,0.0,0.0,L0_only,False,0,0,False
13,cutoff_attacked,fashion_mnist,scenario_cut_backdoor,2024,0,density_only,True,0,0,72,18,0.0,0.0,L0+L2_SNNC,False,1,0,True
13,cutoff_attacked,fashion_mnist,scenario_cut_backdoor,2024,0,density_only,False,0,0,72,18,0.0,0.0,L0+L2_SNNC,False,1,0,True
13,cutoff_attacked,fashion_mnist,scenario_cut_backdoor,2024,9,original,True,0,0,72,18,0.0,0.0,L0_only,False,0,0,False
13,cutoff_attacked,fashion_mnist,scenario_cut_backdoor,2024,9,original,False,0,0,72,18,0.0,0.0,L0_only,False,0,0,False
13,cutoff_attacked,fashion_mnist,scenario_cut_backdoor,2024,9,density_only,True,0,0,72,18,0.0,0.0,L0+L2_SNNC,False,1,0,True
13,cutoff_attacked,fashion_mnist,scenario_cut_backdoor,2024,9,density_only,False,0,0,72,18,0.0,0.0,L0+L2_SNNC,False,1,0,True
13,cutoff_attacked,fashion_mnist,scenario_cut_backdoor,2024,29,original,True,0,0,72,18,0.0,0.0,L0_only,False,0,0,False
13,cutoff_attacked,fashion_mnist,scenario_cut_backdoor,2024,29,original,False,0,0,72,18,0.0,0.0,L0_only,False,0,0,False
13,cutoff_attacked,fashion_mnist,scenario_cut_backdoor,2024,29,density_only,True,0,0,72,18,0.0,0.0,L0+L2_SNNC,False,1,0,True
13,cutoff_attacked,fashion_mnist,scenario_cut_backdoor,2024,29,density_only,False,0,0,72,18,0.0,0.0,L0+L2_SNNC,False,1,0,True
14,cutoff_attacked,fashion_mnist,scenario_cut_backdoor,42,0,original,True,0,0,72,18,0.0,0.0,L0_only,False,0,0,False
14,cutoff_attacked,fashion_mnist,scenario_cut_backdoor,42,0,original,False,0,0,72,18,0.0,0.0,L0_only,False,0,0,False
14,cutoff_attacked,fashion_mnist,scenario_cut_backdoor,42,0,density_only,True,0,0,72,18,0.0,0.0,L0+L2_SNNC,False,5,0,True
14,cutoff_attacked,fashion_mnist,scenario_cut_backdoor,42,0,density_only,False,0,0,72,18,0.0,0.0,L0+L2_SNNC,False,1,0,True
14,cutoff_attacked,fashion_mnist,scenario_cut_backdoor,42,9,original,True,0,0,72,18,0.0,0.0,L0_only,False,0,0,False
14,cutoff_attacked,fashion_mnist,scenario_cut_backdoor,42,9,original,False,0,0,72,18,0.0,0.0,L0_only,False,0,0,False
14,cutoff_attacked,fashion_mnist,scenario_cut_backdoor,42,9,density_only,True,0,0,72,18,0.0,0.0,L0+L2_SNNC,False,1,0,True
14,cutoff_attacked,fashion_mnist,scenario_cut_backdoor,42,9,density_only,False,0,0,72,18,0.0,0.0,L0+L2_SNNC,False,1,0,True
14,cutoff_attacked,fashion_mnist,scenario_cut_backdoor,42,29,original,True,0,0,72,18,0.0,0.0,L0_only,False,0,0,False
14,cutoff_attacked,fashion_mnist,scenario_cut_backdoor,42,29,original,False,0,0,72,18,0.0,0.0,L0_only,False,0,0,False
14,cutoff_attacked,fashion_mnist,scenario_cut_backdoor,42,29,density_only,True,0,0,72,18,0.0,0.0,L0+L2_SNNC,False,12,0,True
14,cutoff_attacked,fashion_mnist,scenario_cut_backdoor,42,29,density_only,False,0,0,72,18,0.0,0.0,L0+L2_SNNC,False,1,0,True
15,cutoff_attacked,mnist,scenario_cut_backdoor,137,0,original,True,0,0,72,18,0.0,0.0,L0_only,False,0,0,False
15,cutoff_attacked,mnist,scenario_cut_backdoor,137,0,original,False,0,0,72,18,0.0,0.0,L0_only,False,0,0,False
15,cutoff_attacked,mnist,scenario_cut_backdoor,137,0,density_only,True,0,0,72,18,0.0,0.0,L0+L2_SNNC,False,1,0,True
15,cutoff_attacked,mnist,scenario_cut_backdoor,137,0,density_only,False,0,0,72,18,0.0,0.0,L0+L2_SNNC,False,1,0,True
15,cutoff_attacked,mnist,scenario_cut_backdoor,137,9,original,True,0,0,72,18,0.0,0.0,L0_only,False,0,0,False
15,cutoff_attacked,mnist,scenario_cut_backdoor,137,9,original,False,0,0,72,18,0.0,0.0,L0_only,False,0,0,False
15,cutoff_attacked,mnist,scenario_cut_backdoor,137,9,density_only,True,0,0,72,18,0.0,0.0,L0+L2_SNNC,False,11,0,True
15,cutoff_attacked,mnist,scenario_cut_backdoor,137,9,density_only,False,0,0,72,18,0.0,0.0,L0+L2_SNNC,False,1,0,True
15,cutoff_attacked,mnist,scenario_cut_backdoor,137,29,original,True,0,0,72,18,0.0,0.0,L0_only,False,0,0,False
15,cutoff_attacked,mnist,scenario_cut_backdoor,137,29,original,False,0,0,72,18,0.0,0.0,L0_only,False,0,0,False
15,cutoff_attacked,mnist,scenario_cut_backdoor,137,29,density_only,True,0,0,72,18,0.0,0.0,L0+L2_SNNC,False,2,0,True
15,cutoff_attacked,mnist,scenario_cut_backdoor,137,29,density_only,False,0,0,72,18,0.0,0.0,L0+L2_SNNC,False,1,0,True
16,cutoff_attacked,mnist,scenario_cut_backdoor,2024,0,original,True,0,0,72,18,0.0,0.0,L0_only,False,0,0,False
16,cutoff_attacked,mnist,scenario_cut_backdoor,2024,0,original,False,0,0,72,18,0.0,0.0,L0_only,False,0,0,False
16,cutoff_attacked,mnist,scenario_cut_backdoor,2024,0,density_only,True,0,0,72,18,0.0,0.0,L0_only,False,0,0,False
16,cutoff_attacked,mnist,scenario_cut_backdoor,2024,0,density_only,False,0,0,72,18,0.0,0.0,L0_only,False,0,0,False
16,cutoff_attacked,mnist,scenario_cut_backdoor,2024,9,original,True,0,0,72,18,0.0,0.0,L0_only,False,0,0,False
16,cutoff_attacked,mnist,scenario_cut_backdoor,2024,9,original,False,0,0,72,18,0.0,0.0,L0_only,False,0,0,False
16,cutoff_attacked,mnist,scenario_cut_backdoor,2024,9,density_only,True,0,0,72,18,0.0,0.0,L0+L2_SNNC,False,1,0,True
16,cutoff_attacked,mnist,scenario_cut_backdoor,2024,9,density_only,False,0,0,72,18,0.0,0.0,L0+L2_SNNC,False,1,0,True
16,cutoff_attacked,mnist,scenario_cut_backdoor,2024,29,original,True,0,0,72,18,0.0,0.0,L0_only,False,0,0,False
16,cutoff_attacked,mnist,scenario_cut_backdoor,2024,29,original,False,0,0,72,18,0.0,0.0,L0_only,False,0,0,False
16,cutoff_attacked,mnist,scenario_cut_backdoor,2024,29,density_only,True,0,0,72,18,0.0,0.0,L0+L2_SNNC,False,1,0,True
16,cutoff_attacked,mnist,scenario_cut_backdoor,2024,29,density_only,False,0,0,72,18,0.0,0.0,L0+L2_SNNC,False,1,0,True
17,cutoff_attacked,mnist,scenario_cut_backdoor,42,0,original,True,0,0,72,18,0.0,0.0,L0_only,False,0,0,False
17,cutoff_attacked,mnist,scenario_cut_backdoor,42,0,original,False,0,0,72,18,0.0,0.0,L0_only,False,0,0,False
17,cutoff_attacked,mnist,scenario_cut_backdoor,42,0,density_only,True,0,0,72,18,0.0,0.0,L0+L2_SNNC,False,1,0,True
17,cutoff_attacked,mnist,scenario_cut_backdoor,42,0,density_only,False,0,0,72,18,0.0,0.0,L0+L2_SNNC,False,1,0,True
17,cutoff_attacked,mnist,scenario_cut_backdoor,42,9,original,True,0,0,72,18,0.0,0.0,L0_only,False,0,0,False
17,cutoff_attacked,mnist,scenario_cut_backdoor,42,9,original,False,0,0,72,18,0.0,0.0,L0_only,False,0,0,False
17,cutoff_attacked,mnist,scenario_cut_backdoor,42,9,density_only,True,0,0,72,18,0.0,0.0,L0+L2_SNNC,False,10,0,True
17,cutoff_attacked,mnist,scenario_cut_backdoor,42,9,density_only,False,0,0,72,18,0.0,0.0,L0+L2_SNNC,False,1,0,True
17,cutoff_attacked,mnist,scenario_cut_backdoor,42,29,original,True,0,0,72,18,0.0,0.0,L0_only,False,0,0,False
17,cutoff_attacked,mnist,scenario_cut_backdoor,42,29,original,False,0,0,72,18,0.0,0.0,L0_only,False,0,0,False
17,cutoff_attacked,mnist,scenario_cut_backdoor,42,29,density_only,True,0,0,72,18,0.0,0.0,L0+L2_SNNC,False,0,0,True
17,cutoff_attacked,mnist,scenario_cut_backdoor,42,29,density_only,False,0,0,72,18,0.0,0.0,L0+L2_SNNC,False,0,0,True
18,cutoff_clean,fashion_mnist,scenario_cut_backdoor,137,0,original,True,0,0,90,0,0.0,,L0_only,False,0,0,False
18,cutoff_clean,fashion_mnist,scenario_cut_backdoor,137,0,original,False,0,0,90,0,0.0,,L0_only,False,0,0,False
18,cutoff_clean,fashion_mnist,scenario_cut_backdoor,137,0,density_only,True,0,0,90,0,0.0,,L0+L2_SNNC,False,1,0,True
18,cutoff_clean,fashion_mnist,scenario_cut_backdoor,137,0,density_only,False,0,0,90,0,0.0,,L0+L2_SNNC,False,1,0,True
18,cutoff_clean,fashion_mnist,scenario_cut_backdoor,137,9,original,True,0,0,90,0,0.0,,L0_only,False,0,0,False
18,cutoff_clean,fashion_mnist,scenario_cut_backdoor,137,9,original,False,0,0,90,0,0.0,,L0_only,False,0,0,False
18,cutoff_clean,fashion_mnist,scenario_cut_backdoor,137,9,density_only,True,0,0,90,0,0.0,,L0+L2_SNNC,False,1,0,True
18,cutoff_clean,fashion_mnist,scenario_cut_backdoor,137,9,density_only,False,0,0,90,0,0.0,,L0+L2_SNNC,False,1,0,True
18,cutoff_clean,fashion_mnist,scenario_cut_backdoor,137,29,original,True,0,0,90,0,0.0,,L0_only,False,0,0,False
18,cutoff_clean,fashion_mnist,scenario_cut_backdoor,137,29,original,False,0,0,90,0,0.0,,L0_only,False,0,0,False
18,cutoff_clean,fashion_mnist,scenario_cut_backdoor,137,29,density_only,True,0,0,90,0,0.0,,L0+L2_SNNC,False,1,0,True
18,cutoff_clean,fashion_mnist,scenario_cut_backdoor,137,29,density_only,False,0,0,90,0,0.0,,L0+L2_SNNC,False,1,0,True
19,cutoff_clean,fashion_mnist,scenario_cut_backdoor,2024,0,original,True,0,0,90,0,0.0,,L0_only,False,0,0,False
19,cutoff_clean,fashion_mnist,scenario_cut_backdoor,2024,0,original,False,0,0,90,0,0.0,,L0_only,False,0,0,False
19,cutoff_clean,fashion_mnist,scenario_cut_backdoor,2024,0,density_only,True,0,0,90,0,0.0,,L0_only,False,0,0,False
19,cutoff_clean,fashion_mnist,scenario_cut_backdoor,2024,0,density_only,False,0,0,90,0,0.0,,L0_only,False,0,0,False
19,cutoff_clean,fashion_mnist,scenario_cut_backdoor,2024,9,original,True,0,0,90,0,0.0,,L0_only,False,0,0,False
19,cutoff_clean,fashion_mnist,scenario_cut_backdoor,2024,9,original,False,0,0,90,0,0.0,,L0_only,False,0,0,False
19,cutoff_clean,fashion_mnist,scenario_cut_backdoor,2024,9,density_only,True,0,0,90,0,0.0,,L0+L2_SNNC,False,1,0,True
19,cutoff_clean,fashion_mnist,scenario_cut_backdoor,2024,9,density_only,False,0,0,90,0,0.0,,L0+L2_SNNC,False,1,0,True
19,cutoff_clean,fashion_mnist,scenario_cut_backdoor,2024,29,original,True,1,0,90,0,0.011111111111111112,,L0_only,False,0,0,False
19,cutoff_clean,fashion_mnist,scenario_cut_backdoor,2024,29,original,False,1,0,90,0,0.011111111111111112,,L0_only,False,0,0,False
19,cutoff_clean,fashion_mnist,scenario_cut_backdoor,2024,29,density_only,True,1,0,90,0,0.011111111111111112,,L0+L2_SNNC,False,0,0,True
19,cutoff_clean,fashion_mnist,scenario_cut_backdoor,2024,29,density_only,False,1,0,90,0,0.011111111111111112,,L0+L2_SNNC,False,0,0,True
20,cutoff_clean,fashion_mnist,scenario_cut_backdoor,42,0,original,True,0,0,90,0,0.0,,L0_only,False,0,0,False
20,cutoff_clean,fashion_mnist,scenario_cut_backdoor,42,0,original,False,0,0,90,0,0.0,,L0_only,False,0,0,False
20,cutoff_clean,fashion_mnist,scenario_cut_backdoor,42,0,density_only,True,0,0,90,0,0.0,,L0+L2_SNNC,False,1,0,True
20,cutoff_clean,fashion_mnist,scenario_cut_backdoor,42,0,density_only,False,0,0,90,0,0.0,,L0+L2_SNNC,False,1,0,True
20,cutoff_clean,fashion_mnist,scenario_cut_backdoor,42,9,original,True,0,0,90,0,0.0,,L0_only,False,0,0,False
20,cutoff_clean,fashion_mnist,scenario_cut_backdoor,42,9,original,False,0,0,90,0,0.0,,L0_only,False,0,0,False
20,cutoff_clean,fashion_mnist,scenario_cut_backdoor,42,9,density_only,True,0,0,90,0,0.0,,L0+L2_SNNC,False,2,0,True
20,cutoff_clean,fashion_mnist,scenario_cut_backdoor,42,9,density_only,False,0,0,90,0,0.0,,L0+L2_SNNC,False,1,0,True
20,cutoff_clean,fashion_mnist,scenario_cut_backdoor,42,29,original,True,0,0,90,0,0.0,,L0_only,False,0,0,False
20,cutoff_clean,fashion_mnist,scenario_cut_backdoor,42,29,original,False,0,0,90,0,0.0,,L0_only,False,0,0,False
20,cutoff_clean,fashion_mnist,scenario_cut_backdoor,42,29,density_only,True,0,0,90,0,0.0,,L0+L2_SNNC,False,1,0,True
20,cutoff_clean,fashion_mnist,scenario_cut_backdoor,42,29,density_only,False,0,0,90,0,0.0,,L0+L2_SNNC,False,1,0,True
21,cutoff_clean,mnist,scenario_cut_backdoor,137,0,original,True,0,0,90,0,0.0,,L0_only,False,0,0,False
21,cutoff_clean,mnist,scenario_cut_backdoor,137,0,original,False,0,0,90,0,0.0,,L0_only,False,0,0,False
21,cutoff_clean,mnist,scenario_cut_backdoor,137,0,density_only,True,0,0,90,0,0.0,,L0_only,False,0,0,False
21,cutoff_clean,mnist,scenario_cut_backdoor,137,0,density_only,False,0,0,90,0,0.0,,L0_only,False,0,0,False
21,cutoff_clean,mnist,scenario_cut_backdoor,137,9,original,True,0,0,90,0,0.0,,L0_only,False,0,0,False
21,cutoff_clean,mnist,scenario_cut_backdoor,137,9,original,False,0,0,90,0,0.0,,L0_only,False,0,0,False
21,cutoff_clean,mnist,scenario_cut_backdoor,137,9,density_only,True,0,0,90,0,0.0,,L0+L2_SNNC,False,10,0,True
21,cutoff_clean,mnist,scenario_cut_backdoor,137,9,density_only,False,0,0,90,0,0.0,,L0+L2_SNNC,False,1,0,True
21,cutoff_clean,mnist,scenario_cut_backdoor,137,29,original,True,0,0,90,0,0.0,,L0_only,False,0,0,False
21,cutoff_clean,mnist,scenario_cut_backdoor,137,29,original,False,0,0,90,0,0.0,,L0_only,False,0,0,False
21,cutoff_clean,mnist,scenario_cut_backdoor,137,29,density_only,True,0,0,90,0,0.0,,L0+L2_SNNC,False,1,0,True
21,cutoff_clean,mnist,scenario_cut_backdoor,137,29,density_only,False,0,0,90,0,0.0,,L0+L2_SNNC,False,1,0,True
22,cutoff_clean,mnist,scenario_cut_backdoor,2024,0,original,True,0,0,90,0,0.0,,L0_only,False,0,0,False
22,cutoff_clean,mnist,scenario_cut_backdoor,2024,0,original,False,0,0,90,0,0.0,,L0_only,False,0,0,False
22,cutoff_clean,mnist,scenario_cut_backdoor,2024,0,density_only,True,0,0,90,0,0.0,,L0_only,False,0,0,False
22,cutoff_clean,mnist,scenario_cut_backdoor,2024,0,density_only,False,0,0,90,0,0.0,,L0_only,False,0,0,False
22,cutoff_clean,mnist,scenario_cut_backdoor,2024,9,original,True,0,0,90,0,0.0,,L0_only,False,0,0,False
22,cutoff_clean,mnist,scenario_cut_backdoor,2024,9,original,False,0,0,90,0,0.0,,L0_only,False,0,0,False
22,cutoff_clean,mnist,scenario_cut_backdoor,2024,9,density_only,True,0,0,90,0,0.0,,L0+L2_SNNC,False,1,0,True
22,cutoff_clean,mnist,scenario_cut_backdoor,2024,9,density_only,False,0,0,90,0,0.0,,L0+L2_SNNC,False,1,0,True
22,cutoff_clean,mnist,scenario_cut_backdoor,2024,29,original,True,0,0,90,0,0.0,,L0_only,False,0,0,False
22,cutoff_clean,mnist,scenario_cut_backdoor,2024,29,original,False,0,0,90,0,0.0,,L0_only,False,0,0,False
22,cutoff_clean,mnist,scenario_cut_backdoor,2024,29,density_only,True,0,0,90,0,0.0,,L0+L2_SNNC,False,1,0,True
22,cutoff_clean,mnist,scenario_cut_backdoor,2024,29,density_only,False,0,0,90,0,0.0,,L0+L2_SNNC,False,1,0,True
23,cutoff_clean,mnist,scenario_cut_backdoor,42,0,original,True,0,0,90,0,0.0,,L0_only,False,0,0,False
23,cutoff_clean,mnist,scenario_cut_backdoor,42,0,original,False,0,0,90,0,0.0,,L0_only,False,0,0,False
23,cutoff_clean,mnist,scenario_cut_backdoor,42,0,density_only,True,0,0,90,0,0.0,,L0+L2_SNNC,False,1,0,True
23,cutoff_clean,mnist,scenario_cut_backdoor,42,0,density_only,False,0,0,90,0,0.0,,L0+L2_SNNC,False,1,0,True
23,cutoff_clean,mnist,scenario_cut_backdoor,42,9,original,True,0,0,90,0,0.0,,L0_only,False,0,0,False
23,cutoff_clean,mnist,scenario_cut_backdoor,42,9,original,False,0,0,90,0,0.0,,L0_only,False,0,0,False
23,cutoff_clean,mnist,scenario_cut_backdoor,42,9,density_only,True,0,0,90,0,0.0,,L0+L2_SNNC,False,0,0,True
23,cutoff_clean,mnist,scenario_cut_backdoor,42,9,density_only,False,0,0,90,0,0.0,,L0+L2_SNNC,False,0,0,True
23,cutoff_clean,mnist,scenario_cut_backdoor,42,29,original,True,0,0,90,0,0.0,,L0_only,False,0,0,False
23,cutoff_clean,mnist,scenario_cut_backdoor,42,29,original,False,0,0,90,0,0.0,,L0_only,False,0,0,False
23,cutoff_clean,mnist,scenario_cut_backdoor,42,29,density_only,True,0,0,90,0,0.0,,L0+L2_SNNC,False,0,0,True
23,cutoff_clean,mnist,scenario_cut_backdoor,42,29,density_only,False,0,0,90,0,0.0,,L0+L2_SNNC,False,0,0,True
