phase,dataset,scenario,method,contrast,n_seeds,accuracy_delta_mean,accuracy_delta_std
main,har,6.2,fedavg,method_minus_full,3,0.10439995475624932,0.11308963745868317
main,har,6.2,sample_weighted_mean,method_minus_full,3,0.21954530030539532,0.2617335336603231
main,har,6.2,norm_clip,method_minus_full,3,0.1040606266259473,0.11047219752907951
main,har,6.2,coord_median,method_minus_full,3,-0.1336952833389888,0.08135670564581193
main,har,6.2,krum_bound30,method_minus_full,3,-0.0052030313312973475,0.06167314050544322
main,har,6.2,fltrust_normalized,method_minus_full,3,-0.0014704218979753232,0.11341599657414089
main,har,6.2,flame_hdbscan,method_minus_full,3,-0.04739282886551294,0.04215915893721482
main,har,3.3,fed_mdbscan_g,attack_minus_clean,3,-0.013346906458545407,0.24176797891116283
main,har,3.3,fedavg,attack_minus_clean,3,-0.04377332880895827,0.05325073656777899
main,har,3.3,fedavg,method_minus_full,3,0.04377332880895826,0.09333497647258662
main,har,3.3,sample_weighted_mean,method_minus_full,3,0.054405610225087636,0.09283854759516756
main,har,3.3,norm_clip,method_minus_full,3,0.026128266033254143,0.08631950073014956
main,har,3.3,coord_median,method_minus_full,3,-0.165252799457075,0.14810924636650907
main,har,3.3,krum_bound30,method_minus_full,3,-0.0063341250989707165,0.05968446461261312
main,har,3.3,fltrust_normalized,method_minus_full,3,0.005203031331297357,0.13299339723152676
main,har,3.3,flame_hdbscan,method_minus_full,3,0.009274968894921382,0.23561136591201345
main,har,4.2,fed_mdbscan_g,attack_minus_clean,3,0.0,0.0
main,har,4.2,fedavg,attack_minus_clean,3,0.0,0.0
main,har,4.2,fedavg,method_minus_full,3,0.07272932926139579,0.21892959044461335
main,har,4.2,sample_weighted_mean,method_minus_full,3,0.21185386268521653,0.30756858466027165
main,har,4.2,norm_clip,method_minus_full,3,0.1230630019228594,0.11937037612036376
main,har,4.2,coord_median,method_minus_full,3,-0.14545865852279155,0.11911400192307176
main,har,4.2,krum_bound30,method_minus_full,3,-0.040266938129170926,0.12744530953151553
main,har,4.2,fltrust_normalized,method_minus_full,3,-0.00101798439090602,0.15310543899562012
main,har,4.2,flame_hdbscan,method_minus_full,3,-0.08664178260377786,0.06795492371907227
main,har,5.2,fed_mdbscan_g,attack_minus_clean,3,0.004524375070693337,0.02460616436806593
main,har,5.2,fedavg,attack_minus_clean,3,0.00011310937676732118,0.00019591118737345104
main,har,5.2,fedavg,method_minus_full,3,0.06831806356746978,0.19511849430714098
main,har,5.2,sample_weighted_mean,method_minus_full,3,0.20721637823775593,0.2835054206689216
main,har,5.2,norm_clip,method_minus_full,3,0.11571089243298271,0.1091861751502252
main,har,5.2,coord_median,method_minus_full,3,-0.14353579911774686,0.0983191180439315
main,har,5.2,krum_bound30,method_minus_full,3,-0.04513064133016626,0.10416212967092686
main,har,5.2,fltrust_normalized,method_minus_full,3,-0.012894468951476066,0.13175067406995913
main,har,5.2,flame_hdbscan,method_minus_full,3,-0.09127926705123852,0.04465228136978888
main,har,6.1,fedavg,method_minus_full,3,0.2677298948082796,0.18778186951323264
main,har,6.1,sample_weighted_mean,method_minus_full,3,0.21106209704784532,0.22624536095079587
main,har,6.1,norm_clip,method_minus_full,3,0.24612600384571878,0.16089819778393344
main,har,6.1,coord_median,method_minus_full,3,-0.06549032914828638,0.09879752813187284
main,har,6.1,krum_bound30,method_minus_full,3,-0.024318516004976847,0.02141354984139928
main,har,6.1,fltrust_normalized,method_minus_full,3,-0.02386607849790749,0.1562974738024167
main,har,6.1,flame_hdbscan,method_minus_full,3,-0.11310937676733401,0.09824140297241271
main,har,3.1,fed_mdbscan_g,attack_minus_clean,3,-0.0035063906797873634,0.12903142713995752
main,har,3.1,fedavg,attack_minus_clean,3,-0.10473928288655134,0.20368800509379245
main,har,3.1,fedavg,method_minus_full,3,-0.028503562945368193,0.10983596090913611
main,har,3.1,sample_weighted_mean,method_minus_full,1,-0.15167967424499493,
main,har,3.1,norm_clip,method_minus_full,3,0.04241601628775025,0.048365865768841075
main,har,3.1,coord_median,method_minus_full,3,-0.15801379934396562,0.06871569187905918
main,har,3.1,krum_bound30,method_minus_full,3,-0.012102703314104735,0.037397490611623244
main,har,3.1,fltrust_normalized,method_minus_full,3,0.06435923538061306,0.12163686874753361
main,har,3.1,flame_hdbscan,method_minus_full,3,-0.008143875127248049,0.15117934590336413
main,har,1.1,fedavg,method_minus_full,3,0.0176450627757041,0.04159227267334792
main,har,1.1,sample_weighted_mean,method_minus_full,3,0.04761904761904767,0.038639229283956134
main,har,1.1,norm_clip,method_minus_full,3,0.015382875240357419,0.03682348679092157
main,har,1.1,coord_median,method_minus_full,3,-0.08076009501187646,0.11330358849802176
main,har,1.1,krum_bound30,method_minus_full,3,-0.010292953285827355,0.082843565376937
main,har,1.1,fltrust_normalized,method_minus_full,3,-0.11412736115824,0.0802023648972369
main,har,1.1,flame_hdbscan,method_minus_full,3,-0.17882592466915506,0.1868921877814679
main,har,1.2,fedavg,method_minus_full,3,-0.49225200769143757,0.059947222733318956
main,har,1.2,sample_weighted_mean,method_minus_full,3,-0.44474606944915734,0.08857265897727351
main,har,1.2,norm_clip,method_minus_full,3,-0.03732609433322024,0.015847023317048646
main,har,1.2,coord_median,method_minus_full,3,-0.09252347019567923,0.009332037702673103
main,har,1.2,krum_bound30,method_minus_full,3,0.025562719149417473,0.018747175451166984
main,har,1.2,fltrust_normalized,method_minus_full,3,-0.08992195453003053,0.007826645805680894
main,har,1.2,flame_hdbscan,method_minus_full,3,-0.013120687705010773,0.05240432009417985
main,har,1.3,fedavg,method_minus_full,3,0.04320778192512161,0.005485513246457271
main,har,1.3,sample_weighted_mean,method_minus_full,3,0.07306865739169777,0.021839484646217565
main,har,1.3,norm_clip,method_minus_full,3,0.04083248501300755,0.013082115314218786
main,har,1.3,coord_median,method_minus_full,3,-0.13188553331071148,0.019599932758070465
main,har,1.3,krum_bound30,method_minus_full,3,-0.014478000226218776,0.030139775777629395
main,har,1.3,fltrust_normalized,method_minus_full,3,-0.08799909512498587,0.013810001799309822
main,har,1.3,flame_hdbscan,method_minus_full,3,-0.02612826603325417,0.054072552439309876
main,har,2.1,fedavg,method_minus_full,3,-0.2590204727971949,0.012292548888332162
main,har,2.1,sample_weighted_mean,method_minus_full,3,-0.40119895939373373,0.11577124592061865
main,har,2.1,norm_clip,method_minus_full,3,0.11129962673905663,0.10416820933933314
main,har,2.1,coord_median,method_minus_full,3,-0.24974550390227349,0.1455092674841049
main,har,2.1,krum_bound30,method_minus_full,3,-0.051012328922067696,0.16737799301969503
main,har,2.1,fltrust_normalized,method_minus_full,3,-0.14783395543490555,0.19773291975392698
main,har,2.1,flame_hdbscan,method_minus_full,3,-0.14421445537835087,0.23521387936983693
main,har,2.2,fedavg,method_minus_full,3,0.1394638615541228,0.14199331475395474
main,har,2.2,sample_weighted_mean,method_minus_full,3,-0.18402895600045246,0.06929470365726152
main,har,2.2,norm_clip,method_minus_full,3,0.10869811107340795,0.11913574994614415
main,har,2.2,coord_median,method_minus_full,3,-0.2426196131659315,0.08752890027532803
main,har,2.2,krum_bound30,method_minus_full,3,-0.13358217396222152,0.05011766590359374
main,har,2.2,fltrust_normalized,method_minus_full,3,-0.1836896278701505,0.04809529873178516
main,har,2.2,flame_hdbscan,method_minus_full,3,-0.2508765976699469,0.08076746104292745
main,har,2.3,fedavg,method_minus_full,3,-0.5334238208347472,0.160739488188118
main,har,2.3,sample_weighted_mean,method_minus_full,3,-0.558420993100328,0.09216012921738263
main,har,2.3,norm_clip,method_minus_full,3,-0.06684764166949442,0.02699951860812027
main,har,2.3,coord_median,method_minus_full,3,-0.389435584209931,0.047026439148069414
main,har,2.3,krum_bound30,method_minus_full,3,-0.045017531953398936,0.021421614027662184
main,har,2.3,fltrust_normalized,method_minus_full,3,-0.26399728537495754,0.015034189288683875
main,har,2.3,flame_hdbscan,method_minus_full,3,-0.22904648795385138,0.06451519301959191
main,har,3.2,fedavg,method_minus_full,3,-0.12034837688044338,0.04547165762878313
main,har,3.2,sample_weighted_mean,method_minus_full,1,-0.27383780115371564,
main,har,3.2,norm_clip,method_minus_full,3,-0.006560343852505368,0.021115736383288262
main,har,3.2,coord_median,method_minus_full,3,-0.14149983033593483,0.10038551179959866
main,har,3.2,krum_bound30,method_minus_full,3,0.019567922180748803,0.047082720648107465
main,har,3.2,fltrust_normalized,method_minus_full,3,-0.04173736002714623,0.04990315970505527
main,har,3.2,flame_hdbscan,method_minus_full,3,0.012781359574708736,0.13118678884713805
main,har,4.1,fedavg,method_minus_full,3,0.1925121592580025,0.18819602285717238
main,har,4.1,sample_weighted_mean,method_minus_full,3,0.09874448591788261,0.1102330816318953
main,har,4.1,norm_clip,method_minus_full,3,0.2029182219205972,0.18240709814927278
main,har,4.1,coord_median,method_minus_full,3,-0.08279606379368848,0.035059345639246405
main,har,4.1,krum_bound30,method_minus_full,3,-0.029182219205972155,0.038063784195995806
main,har,4.1,fltrust_normalized,method_minus_full,3,-0.09263657957244655,0.05165483694360358
main,har,4.1,flame_hdbscan,method_minus_full,3,-0.09297590770274855,0.06129453378797366
main,har,4.3,fedavg,method_minus_full,3,0.07431286053613845,0.23164532498840112
main,har,4.3,sample_weighted_mean,method_minus_full,3,0.10202465784413527,0.3483087694543021
main,har,4.3,norm_clip,method_minus_full,3,0.1426309241036082,0.12942169434011688
main,har,4.3,coord_median,method_minus_full,3,-0.1465897522904649,0.12225611573451074
main,har,4.3,krum_bound30,method_minus_full,3,-0.0044112656939260435,0.08891368320004835
main,har,4.3,fltrust_normalized,method_minus_full,3,0.0173057346454021,0.143563873167908
main,har,4.3,flame_hdbscan,method_minus_full,3,-0.032801719262526875,0.05177543884415805
main,har,5.1,fedavg,method_minus_full,3,0.18018323719036303,0.18929157503036212
main,har,5.1,sample_weighted_mean,method_minus_full,3,0.08675489198054515,0.11272250317893998
main,har,5.1,norm_clip,method_minus_full,3,0.19217283112770045,0.1817004180928045
main,har,5.1,coord_median,method_minus_full,3,-0.0941070014704219,0.034638627064909
main,har,5.1,krum_bound30,method_minus_full,3,-0.038004750593824244,0.0391229294548537
main,har,5.1,fltrust_normalized,method_minus_full,3,-0.10145911096029862,0.0583141093438022
main,har,5.1,flame_hdbscan,method_minus_full,3,-0.1106209704784527,0.06729570673929028
main,har,5.3,fedavg,method_minus_full,3,0.08404026693812917,0.2208555223371853
main,har,5.3,sample_weighted_mean,method_minus_full,3,0.1330166270783848,0.31677112461185686
main,har,5.3,norm_clip,method_minus_full,3,0.1486257210722769,0.1036884829509565
main,har,5.3,coord_median,method_minus_full,3,-0.1227236737925574,0.09393098713079431
main,har,5.3,krum_bound30,method_minus_full,3,0.005316140708064687,0.07559506767839215
main,har,5.3,fltrust_normalized,method_minus_full,3,0.04875014138672096,0.10813569949818023
main,har,5.3,flame_hdbscan,method_minus_full,3,-0.022848094107001487,0.03129616067179118
ablation,har,6.2,mdbg_l0_only,ablation_minus_full,3,-0.013460015835312747,0.0278380077356347
ablation,har,6.2,mdbg_no_momentum,ablation_minus_full,3,0.0,0.0
ablation,har,6.2,mdbg_no_valve,ablation_minus_full,3,0.0004524375070693402,0.0027427566232286235
ablation,har,6.2,mdbg_rtr15,ablation_minus_full,3,0.01606153150096144,0.041379021448135676
ablation,har,6.2,mdbg_rtr20,ablation_minus_full,3,-0.020020359687818123,0.018420861280135682
ablation,har,6.2,mdbg_rtr30,ablation_minus_full,3,0.00011310937676733042,0.04350860646616539
ablation,har,6.2,fed_g2l_25,ablation_minus_full,3,-0.013460015835312747,0.0278380077356347
ablation,har,3.3,mdbg_l0_only,ablation_minus_full,3,0.0,0.0
ablation,har,3.3,mdbg_no_momentum,ablation_minus_full,3,0.0,0.0
ablation,har,3.3,mdbg_no_valve,ablation_minus_full,3,0.0,0.0
ablation,har,3.3,mdbg_rtr15,ablation_minus_full,3,0.028956000452437503,0.10781685232426427
ablation,har,3.3,mdbg_rtr20,ablation_minus_full,3,0.001131093767673332,0.07143992176469023
ablation,har,3.3,mdbg_rtr30,ablation_minus_full,3,-0.06379368849677637,0.12585231597400395
ablation,har,3.3,fed_g2l_25,ablation_minus_full,3,0.0,0.0
ablation,har,4.2,mdbg_l0_only,ablation_minus_full,3,0.008370093880782711,0.05443793438421553
ablation,har,4.2,mdbg_no_momentum,ablation_minus_full,3,0.0,0.0
ablation,har,4.2,mdbg_no_valve,ablation_minus_full,3,0.009501187648456052,0.016456539739371744
ablation,har,4.2,mdbg_rtr15,ablation_minus_full,3,0.004411265693926025,0.09081767328004457
ablation,har,4.2,mdbg_rtr20,ablation_minus_full,3,-0.030878859857482215,0.032332469174954734
ablation,har,4.2,mdbg_rtr30,ablation_minus_full,3,-0.030991969234249527,0.03126671353875142
ablation,har,4.2,fed_g2l_25,ablation_minus_full,3,0.008370093880782711,0.05443793438421553
ablation,har,5.2,mdbg_l0_only,ablation_minus_full,3,-0.0027146250424160134,0.0421423133933085
ablation,har,5.2,mdbg_no_momentum,ablation_minus_full,3,0.0,0.0
ablation,har,5.2,mdbg_no_valve,ablation_minus_full,3,0.0,0.0
ablation,har,5.2,mdbg_rtr15,ablation_minus_full,3,0.003167062549485372,0.060958608870390854
ablation,har,5.2,mdbg_rtr20,ablation_minus_full,3,-0.02624137541002149,0.027278126681380403
ablation,har,5.2,mdbg_rtr30,ablation_minus_full,3,-0.027372469177694824,0.025789682032852985
ablation,har,5.2,fed_g2l_25,ablation_minus_full,3,-0.0027146250424160134,0.0421423133933085
clean,har,3.1,fedavg,method_minus_full,3,0.07272932926139579,0.21892959044461335
oracle,har,3.1,fedavg,oracle_minus_attacked,3,0.10711457979866534,0.2197893899631482
clean,har,3.3,fedavg,method_minus_full,3,0.07419975115937111,0.23145470365560597
oracle,har,3.3,fedavg,oracle_minus_attacked,3,0.018210609659540782,0.034878794475209654
clean,har,4.2,fedavg,method_minus_full,3,0.07272932926139579,0.21892959044461335
oracle,har,4.2,fedavg,oracle_minus_attacked,3,0.0023752969121140035,0.030612964536875575
clean,har,5.2,fedavg,method_minus_full,3,0.07272932926139579,0.21892959044461335
oracle,har,5.2,fedavg,oracle_minus_attacked,3,0.0022621875353466825,0.03049110765827332
temporal,har,2.1,mdbg_no_momentum,method_minus_full,3,0.003845718810089364,0.0066609803706981045
temporal,har,3.1,mdbg_no_momentum,method_minus_full,3,0.0,0.0
preserve_empty,har,6.2,mdbg_l0_only,method_minus_full,3,-0.004863703200995347,0.009018300764745009
preserve_empty,har,6.2,fed_g2l_25,method_minus_full,3,-0.004863703200995347,0.009018300764745009
preserve_empty,har,3.3,mdbg_l0_only,method_minus_full,3,-0.00791765637371337,0.013713783116143113
preserve_empty,har,3.3,fed_g2l_25,method_minus_full,3,-0.00791765637371337,0.013713783116143113
fixed_steps,har,3.3,mdbg_l0_only,method_minus_full,3,0.0,0.0
fixed_steps,har,3.3,fedavg,method_minus_full,3,0.0,0.0
fixed_steps,har,5.2,mdbg_l0_only,method_minus_full,3,0.0,0.0
fixed_steps,har,5.2,fedavg,method_minus_full,3,0.0007917656373713408,0.0013713783116143176
main,har,7.1,fed_mdbscan_g,attack_minus_clean,3,-0.2865060513516571,0.14465464400980504
main,har,7.1,fedavg,attack_minus_clean,3,-0.6950571202352674,0.09667834993042794
main,har,7.1,fedavg,method_minus_full,3,-0.10439995475624929,0.08319100466967558
main,har,7.1,sample_weighted_mean,method_minus_full,3,0.07600950118764846,0.07658899751430409
main,har,7.1,norm_clip,method_minus_full,3,-0.09489876710779323,0.09032079429247239
main,har,7.1,coord_median,method_minus_full,3,-0.020359687818120125,0.02156536388929168
main,har,7.1,krum_bound30,method_minus_full,3,-0.05089921954530031,0.08321430020421447
main,har,7.1,fltrust_normalized,method_minus_full,3,0.2945368171021378,0.05752287422295212
main,har,7.1,flame_hdbscan,method_minus_full,3,0.3099196923424952,0.14034093497547767
main,har,7.1,mdbg_l0_only,method_minus_full,3,0.0,0.0
clean,har,7.1,fedavg,method_minus_full,3,0.3041511141273611,0.13427893412574135
oracle,har,7.1,fedavg,oracle_minus_attacked,3,0.6383893224748332,0.09863033883495212
main,har,7.2,fed_mdbscan_g,attack_minus_clean,3,-0.09093993892093655,0.0817865269697153
main,har,7.2,fedavg,attack_minus_clean,3,-0.07171134487048976,0.10523786619503553
main,har,7.2,fedavg,method_minus_full,3,0.09342834520981791,0.049388662466352144
main,har,7.2,sample_weighted_mean,method_minus_full,3,0.08076009501187649,0.08206691344380909
main,har,7.2,norm_clip,method_minus_full,3,0.09817893903404594,0.009671347794641209
main,har,7.2,coord_median,method_minus_full,3,-0.08460581382196584,0.07491496255534015
main,har,7.2,krum_bound30,method_minus_full,3,0.0372129849564529,0.045954016567159056
main,har,7.2,fltrust_normalized,method_minus_full,3,0.18120122158126906,0.12640280294960912
main,har,7.2,flame_hdbscan,method_minus_full,3,-0.0788372356068318,0.07060988171502959
main,har,7.2,mdbg_l0_only,method_minus_full,3,0.0,0.0
clean,har,7.2,fedavg,method_minus_full,3,0.07419975115937111,0.23145470365560597
oracle,har,7.2,fedavg,oracle_minus_attacked,3,0.04614862572107228,0.017165442646680358
main,mnist,6.2,fedavg,method_minus_full,3,0.5921333333333334,0.054072759623800724
main,mnist,6.2,sample_weighted_mean,method_minus_full,3,0.6349,0.07454870890900805
main,mnist,6.2,norm_clip,method_minus_full,3,0.3675333333333333,0.12428943371555501
main,mnist,6.2,coord_median,method_minus_full,3,-0.05153333333333334,0.05031563706576053
main,mnist,6.2,krum_bound30,method_minus_full,3,0.14273333333333335,0.035347748631749235
main,mnist,6.2,fltrust_normalized,method_minus_full,3,0.47659999999999997,0.12353675566405334
main,mnist,6.2,flame_hdbscan,method_minus_full,3,-0.06336666666666667,0.06464126648924302
main,mnist,3.3,fed_mdbscan_g,attack_minus_clean,3,0.05786666666666667,0.09998671578431476
main,mnist,3.3,fedavg,attack_minus_clean,3,-0.2142666666666667,0.03982289960981416
main,mnist,3.3,fedavg,method_minus_full,3,0.3212,0.10176502346091214
main,mnist,3.3,sample_weighted_mean,method_minus_full,3,0.30666666666666664,0.13234928535255994
main,mnist,3.3,norm_clip,method_minus_full,3,0.28586666666666666,0.1259844964006815
main,mnist,3.3,coord_median,method_minus_full,3,0.023666666666666652,0.04391837125091654
main,mnist,3.3,krum_bound30,method_minus_full,3,0.07106666666666665,0.09041528263149619
main,mnist,3.3,fltrust_normalized,method_minus_full,3,0.42073333333333335,0.19249078765835348
main,mnist,3.3,flame_hdbscan,method_minus_full,3,-0.028433333333333328,0.09651954896979852
main,mnist,4.2,fed_mdbscan_g,attack_minus_clean,3,0.0,0.0
main,mnist,4.2,fedavg,attack_minus_clean,3,3.700743415417188e-17,0.00017320508075693275
main,mnist,4.2,fedavg,method_minus_full,3,0.6038333333333333,0.06478405153533805
main,mnist,4.2,sample_weighted_mean,method_minus_full,3,0.6381,0.0863194068561642
main,mnist,4.2,norm_clip,method_minus_full,3,0.3678333333333333,0.1314825590461843
main,mnist,4.2,coord_median,method_minus_full,3,-0.0418,0.05219377357501564
main,mnist,4.2,krum_bound30,method_minus_full,3,0.1509,0.029389283761262368
main,mnist,4.2,fltrust_normalized,method_minus_full,3,0.48763333333333336,0.1314535786250543
main,mnist,4.2,flame_hdbscan,method_minus_full,3,-0.04813333333333333,0.05813512994165689
main,mnist,5.2,fed_mdbscan_g,attack_minus_clean,3,0.0010666666666666786,0.002571640202931445
main,mnist,5.2,fedavg,attack_minus_clean,3,-6.666666666665932e-05,0.0003214550253664828
main,mnist,5.2,fedavg,method_minus_full,3,0.6027,0.06271514968490467
main,mnist,5.2,sample_weighted_mean,method_minus_full,3,0.6371333333333333,0.08419800076803088
main,mnist,5.2,norm_clip,method_minus_full,3,0.36690000000000006,0.12963209479137486
main,mnist,5.2,coord_median,method_minus_full,3,-0.041733333333333344,0.05059064472146343
main,mnist,5.2,krum_bound30,method_minus_full,3,0.15186666666666665,0.02430315480206908
main,mnist,5.2,fltrust_normalized,method_minus_full,3,0.48613333333333336,0.12710772334257797
main,mnist,5.2,flame_hdbscan,method_minus_full,3,-0.0492,0.057163274923678065
main,mnist,6.1,fedavg,method_minus_full,3,-0.00013333333333331865,0.00045092497528223974
main,mnist,6.1,sample_weighted_mean,method_minus_full,3,0.011033333333333303,0.003061590000854689
main,mnist,6.1,norm_clip,method_minus_full,3,-3.333333333332966e-05,0.00035118845842838596
main,mnist,6.1,coord_median,method_minus_full,3,-0.04690000000000002,0.0018330302779823646
main,mnist,6.1,krum_bound30,method_minus_full,3,-0.04663333333333334,0.009346835471609267
main,mnist,6.1,fltrust_normalized,method_minus_full,3,-0.03290000000000004,0.0054369108876272925
main,mnist,6.1,flame_hdbscan,method_minus_full,3,-0.10403333333333335,0.01865082661260174
main,mnist,3.1,fed_mdbscan_g,attack_minus_clean,3,0.39299999999999996,0.19420301233503048
main,mnist,3.1,fedavg,attack_minus_clean,3,-0.24539999999999998,0.02664451162997746
main,mnist,3.1,fedavg,method_minus_full,3,-0.034566666666666634,0.20402130607692262
main,mnist,3.1,sample_weighted_mean,method_minus_full,3,0.06266666666666669,0.2025545934639186
main,mnist,3.1,norm_clip,method_minus_full,3,0.18803333333333336,0.21044420479864334
main,mnist,3.1,coord_median,method_minus_full,3,-0.37986666666666663,0.17295020477968023
main,mnist,3.1,krum_bound30,method_minus_full,3,-0.008599999999999977,0.1641748762752694
main,mnist,3.1,fltrust_normalized,method_minus_full,3,0.10063333333333335,0.19756480793231704
main,mnist,3.1,flame_hdbscan,method_minus_full,3,-0.2682,0.19303955553202043
main,mnist,1.1,fedavg,method_minus_full,3,0.00023333333333334463,0.00020816659994660813
main,mnist,1.1,sample_weighted_mean,method_minus_full,3,0.0036000000000000107,0.0006928203230275388
main,mnist,1.1,norm_clip,method_minus_full,3,0.000100000000000026,0.00017320508075693275
main,mnist,1.1,coord_median,method_minus_full,3,-0.006199999999999946,0.0011532562594670777
main,mnist,1.1,krum_bound30,method_minus_full,3,-0.00990000000000002,0.002163330765278371
main,mnist,1.1,fltrust_normalized,method_minus_full,3,-0.023400000000000015,0.006835202996254058
main,mnist,1.1,flame_hdbscan,method_minus_full,3,-0.016666666666666646,0.0025579940057266154
main,mnist,1.2,fedavg,method_minus_full,3,-0.09943333333333333,0.0017039170558843146
main,mnist,1.2,sample_weighted_mean,method_minus_full,3,-0.09870000000000001,0.004670117771534285
main,mnist,1.2,norm_clip,method_minus_full,3,-0.0040999999999999925,0.00045825756949564254
main,mnist,1.2,coord_median,method_minus_full,3,-0.00623333333333335,0.001800925687898647
main,mnist,1.2,krum_bound30,method_minus_full,3,-0.005366666666666668,0.0012701705922171652
main,mnist,1.2,fltrust_normalized,method_minus_full,3,-0.025099999999999973,0.007863205453248751
main,mnist,1.2,flame_hdbscan,method_minus_full,3,-0.011866666666666656,0.00150443787951953
main,mnist,1.3,fedavg,method_minus_full,3,-0.004799999999999989,0.0008888194417315233
main,mnist,1.3,sample_weighted_mean,method_minus_full,3,-0.001566666666666679,0.004819059382631996
main,mnist,1.3,norm_clip,method_minus_full,3,-0.0044333333333333265,0.0011015141094571528
main,mnist,1.3,coord_median,method_minus_full,3,-0.006366666666666632,0.0013650396819628442
main,mnist,1.3,krum_bound30,method_minus_full,3,-0.005500000000000023,0.0017691806012953876
main,mnist,1.3,fltrust_normalized,method_minus_full,3,-0.02506666666666668,0.007710598766200574
main,mnist,1.3,flame_hdbscan,method_minus_full,3,-0.012199999999999989,0.0012999999999999678
main,mnist,2.1,fedavg,method_minus_full,3,-0.1363,0.0028160255680657765
main,mnist,2.1,sample_weighted_mean,method_minus_full,3,-0.12230000000000008,0.010622617379911605
main,mnist,2.1,norm_clip,method_minus_full,3,-0.005733333333333368,0.0006806859285554357
main,mnist,2.1,coord_median,method_minus_full,3,-0.0517,0.003296968304366899
main,mnist,2.1,krum_bound30,method_minus_full,3,-0.0195,0.008252878285786105
main,mnist,2.1,fltrust_normalized,method_minus_full,3,-0.03336666666666669,0.0056323470537009025
main,mnist,2.1,flame_hdbscan,method_minus_full,3,-0.05256666666666673,0.007488880646220316
main,mnist,2.2,fedavg,method_minus_full,3,-0.009333333333333341,0.0015534906930308658
main,mnist,2.2,sample_weighted_mean,method_minus_full,3,-0.0031333333333333213,0.013123007785311015
main,mnist,2.2,norm_clip,method_minus_full,3,-0.007566666666666648,0.0021126602503321566
main,mnist,2.2,coord_median,method_minus_full,3,-0.05953333333333333,0.01165732959701032
main,mnist,2.2,krum_bound30,method_minus_full,3,-0.023466666666666636,0.013431430799930871
main,mnist,2.2,fltrust_normalized,method_minus_full,3,-0.03310000000000002,0.0021517434791349863
main,mnist,2.2,flame_hdbscan,method_minus_full,3,-0.057233333333333324,0.011903920922676352
main,mnist,2.3,fedavg,method_minus_full,3,-0.14010000000000003,0.01031164390385942
main,mnist,2.3,sample_weighted_mean,method_minus_full,3,-0.11893333333333338,0.007471501410916903
main,mnist,2.3,norm_clip,method_minus_full,3,-0.009600000000000017,0.0008717797887081026
main,mnist,2.3,coord_median,method_minus_full,3,-0.04970000000000004,0.010445573225055663
main,mnist,2.3,krum_bound30,method_minus_full,3,-0.004300000000000008,0.0008888194417315235
main,mnist,2.3,fltrust_normalized,method_minus_full,3,-0.03420000000000004,0.008207313811473263
main,mnist,2.3,flame_hdbscan,method_minus_full,3,-0.036466666666666724,0.018367725317342185
main,mnist,3.2,fedavg,method_minus_full,3,-0.18680000000000005,0.09405227269981305
main,mnist,3.2,sample_weighted_mean,method_minus_full,3,-0.0682666666666667,0.08767726805354584
main,mnist,3.2,norm_clip,method_minus_full,3,0.010099999999999961,0.06933858954435113
main,mnist,3.2,coord_median,method_minus_full,3,-0.5761333333333334,0.0974697046950145
main,mnist,3.2,krum_bound30,method_minus_full,3,-0.01750000000000007,0.07266161297411444
main,mnist,3.2,fltrust_normalized,method_minus_full,3,0.01206666666666667,0.15368189006299124
main,mnist,3.2,flame_hdbscan,method_minus_full,3,-0.3871,0.08543231238822929
main,mnist,4.1,fedavg,method_minus_full,3,0.00019999999999997797,0.0003464101615137373
main,mnist,4.1,sample_weighted_mean,method_minus_full,3,0.010133333333333328,0.005577036249956863
main,mnist,4.1,norm_clip,method_minus_full,3,0.00023333333333330764,0.00037859388971997655
main,mnist,4.1,coord_median,method_minus_full,3,-0.04683333333333336,0.004289910643979998
main,mnist,4.1,krum_bound30,method_minus_full,3,-0.04633333333333337,0.01078254762722308
main,mnist,4.1,fltrust_normalized,method_minus_full,3,-0.030300000000000032,0.005840376700179542
main,mnist,4.1,flame_hdbscan,method_minus_full,3,-0.09933333333333332,0.022813227157360578
main,mnist,4.3,fedavg,method_minus_full,3,0.5933,0.05880034013507065
main,mnist,4.3,sample_weighted_mean,method_minus_full,3,0.6382,0.074644557738659
main,mnist,4.3,norm_clip,method_minus_full,3,0.3724333333333334,0.13522075777532583
main,mnist,4.3,coord_median,method_minus_full,3,-0.048999999999999995,0.05061235027145056
main,mnist,4.3,krum_bound30,method_minus_full,3,0.13686666666666666,0.011154072499913792
main,mnist,4.3,fltrust_normalized,method_minus_full,3,0.48636666666666667,0.12626837820029735
main,mnist,4.3,flame_hdbscan,method_minus_full,3,-0.05916666666666667,0.06249370634978641
main,mnist,5.1,fedavg,method_minus_full,3,0.00013333333333331865,0.0002516611478423306
main,mnist,5.1,sample_weighted_mean,method_minus_full,3,0.010000000000000009,0.0057471732182003575
main,mnist,5.1,norm_clip,method_minus_full,3,6.666666666665932e-05,0.00020816659994659034
main,mnist,5.1,coord_median,method_minus_full,3,-0.046666666666666634,0.004645786621588757
main,mnist,5.1,krum_bound30,method_minus_full,3,-0.04583333333333336,0.010623715608643412
main,mnist,5.1,fltrust_normalized,method_minus_full,3,-0.02973333333333335,0.006503332479070529
main,mnist,5.1,flame_hdbscan,method_minus_full,3,-0.10193333333333332,0.013082940546120919
main,mnist,5.3,fedavg,method_minus_full,3,0.6003333333333334,0.04848962088254902
main,mnist,5.3,sample_weighted_mean,method_minus_full,3,0.6448666666666667,0.06393468020826681
main,mnist,5.3,norm_clip,method_minus_full,3,0.3786666666666667,0.13397333067940556
main,mnist,5.3,coord_median,method_minus_full,3,-0.041699999999999994,0.04060775787949885
main,mnist,5.3,krum_bound30,method_minus_full,3,0.1459,0.030556014137972883
main,mnist,5.3,fltrust_normalized,method_minus_full,3,0.4937,0.11620124784183691
main,mnist,5.3,flame_hdbscan,method_minus_full,3,-0.05146666666666667,0.051500517796749724
ablation,mnist,6.2,mdbg_l0_only,ablation_minus_full,3,0.0015999999999999903,0.001969771560359204
ablation,mnist,6.2,mdbg_no_momentum,ablation_minus_full,3,0.0,0.0
ablation,mnist,6.2,mdbg_no_valve,ablation_minus_full,3,-0.0026999999999999893,0.004003748243833506
ablation,mnist,6.2,mdbg_rtr15,ablation_minus_full,3,-0.022866666666666674,0.032842096969184706
ablation,mnist,6.2,mdbg_rtr20,ablation_minus_full,3,-0.018733333333333324,0.0298866748457123
ablation,mnist,6.2,mdbg_rtr30,ablation_minus_full,3,0.014000000000000004,0.011676043850551444
ablation,mnist,6.2,fed_g2l_25,ablation_minus_full,3,0.0015999999999999903,0.001969771560359204
ablation,mnist,3.3,mdbg_l0_only,ablation_minus_full,3,0.00633333333333332,0.03420589617790086
ablation,mnist,3.3,mdbg_no_momentum,ablation_minus_full,3,0.0,0.0
ablation,mnist,3.3,mdbg_no_valve,ablation_minus_full,3,0.030299999999999994,0.049481006457023524
ablation,mnist,3.3,mdbg_rtr15,ablation_minus_full,3,0.0005666666666666598,0.06843729490075814
ablation,mnist,3.3,mdbg_rtr20,ablation_minus_full,3,-0.01786666666666668,0.08484364050023627
ablation,mnist,3.3,mdbg_rtr30,ablation_minus_full,3,0.12816666666666668,0.11318486353454395
ablation,mnist,3.3,fed_g2l_25,ablation_minus_full,3,0.00633333333333332,0.03420589617790086
ablation,mnist,4.2,mdbg_l0_only,ablation_minus_full,3,0.005600000000000003,0.00787146746166177
ablation,mnist,4.2,mdbg_no_momentum,ablation_minus_full,3,0.0,0.0
ablation,mnist,4.2,mdbg_no_valve,ablation_minus_full,3,-0.00043333333333333185,0.000750555349946511
ablation,mnist,4.2,mdbg_rtr15,ablation_minus_full,3,-0.03156666666666666,0.03150084654947121
ablation,mnist,4.2,mdbg_rtr20,ablation_minus_full,3,-0.011999999999999983,0.01631655600915831
ablation,mnist,4.2,mdbg_rtr30,ablation_minus_full,3,0.012333333333333335,0.02041674149646152
ablation,mnist,4.2,fed_g2l_25,ablation_minus_full,3,0.005600000000000003,0.00787146746166177
ablation,mnist,5.2,mdbg_l0_only,ablation_minus_full,3,0.005433333333333327,0.008648892029233163
ablation,mnist,5.2,mdbg_no_momentum,ablation_minus_full,3,0.0,0.0
ablation,mnist,5.2,mdbg_no_valve,ablation_minus_full,3,-0.0026000000000000003,0.0017691806012954153
ablation,mnist,5.2,mdbg_rtr15,ablation_minus_full,3,-0.03256666666666668,0.03113363668660206
ablation,mnist,5.2,mdbg_rtr20,ablation_minus_full,3,-0.013366666666666674,0.018736150440614344
ablation,mnist,5.2,mdbg_rtr30,ablation_minus_full,3,0.012433333333333343,0.017385722111357173
ablation,mnist,5.2,fed_g2l_25,ablation_minus_full,3,0.005433333333333327,0.008648892029233163
clean,mnist,3.1,fedavg,method_minus_full,3,0.6038333333333333,0.06495431728017265
oracle,mnist,3.1,fedavg,oracle_minus_attacked,3,0.24616666666666664,0.023644943081626017
clean,mnist,3.3,fedavg,method_minus_full,3,0.5933333333333334,0.05883505191068784
oracle,mnist,3.3,fedavg,oracle_minus_attacked,3,0.19833333333333336,0.042875323128034076
clean,mnist,4.2,fedavg,method_minus_full,3,0.6038333333333333,0.06495431728017265
oracle,mnist,4.2,fedavg,oracle_minus_attacked,3,0.0007666666666666192,0.008990179827641583
clean,mnist,5.2,fedavg,method_minus_full,3,0.6038333333333333,0.06495431728017265
oracle,mnist,5.2,fedavg,oracle_minus_attacked,3,0.0008333333333333156,0.009061088970611237
temporal,mnist,2.1,mdbg_no_momentum,method_minus_full,3,0.0,0.0
temporal,mnist,3.1,mdbg_no_momentum,method_minus_full,3,0.0,0.0
preserve_empty,mnist,6.2,mdbg_l0_only,method_minus_full,3,0.0,0.0
preserve_empty,mnist,6.2,fed_g2l_25,method_minus_full,3,0.0,0.0
preserve_empty,mnist,3.3,mdbg_l0_only,method_minus_full,3,0.0,0.0
preserve_empty,mnist,3.3,fed_g2l_25,method_minus_full,3,0.0,0.0
fixed_steps,mnist,3.3,mdbg_l0_only,method_minus_full,3,0.0,0.0
fixed_steps,mnist,3.3,fedavg,method_minus_full,3,0.0,0.0
fixed_steps,mnist,5.2,mdbg_l0_only,method_minus_full,3,0.04756666666666667,0.07801284082337556
fixed_steps,mnist,5.2,fedavg,method_minus_full,3,0.4383000000000001,0.050871308219860065
main,mnist,7.1,fed_mdbscan_g,attack_minus_clean,3,-0.13863333333333336,0.04289875678074285
main,mnist,7.1,fedavg,attack_minus_clean,3,-0.13570000000000002,0.04618517078024069
main,mnist,7.1,fedavg,method_minus_full,3,0.003066666666666662,0.0035133080327994903
main,mnist,7.1,sample_weighted_mean,method_minus_full,3,0.010700000000000006,0.05719265687131521
main,mnist,7.1,norm_clip,method_minus_full,3,0.0021000000000000276,0.0024637369989509916
main,mnist,7.1,coord_median,method_minus_full,3,-0.5136333333333334,0.08240542053368415
main,mnist,7.1,krum_bound30,method_minus_full,3,-0.18686666666666665,0.07363438961065231
main,mnist,7.1,fltrust_normalized,method_minus_full,3,0.1028,0.03431559412278911
main,mnist,7.1,flame_hdbscan,method_minus_full,3,-0.4985,0.14073169507967986
main,mnist,7.1,mdbg_l0_only,method_minus_full,3,0.0,0.0
clean,mnist,7.1,fedavg,method_minus_full,3,0.00013333333333331865,5.7735026918956215e-05
oracle,mnist,7.1,fedavg,oracle_minus_attacked,3,0.1353,0.04402760497687786
main,mnist,7.2,fed_mdbscan_g,attack_minus_clean,3,-0.036933333333333346,0.047501614007666455
main,mnist,7.2,fedavg,attack_minus_clean,3,-0.06553333333333333,0.00475955179962706
main,mnist,7.2,fedavg,method_minus_full,3,0.5647333333333333,0.046319038562273054
main,mnist,7.2,sample_weighted_mean,method_minus_full,3,0.5718666666666666,0.14655638277923388
main,mnist,7.2,norm_clip,method_minus_full,3,0.13273333333333334,0.012165662058981142
main,mnist,7.2,coord_median,method_minus_full,3,-0.018799999999999994,0.017283518160374642
main,mnist,7.2,krum_bound30,method_minus_full,3,0.012300000000000014,0.01739425192412713
main,mnist,7.2,fltrust_normalized,method_minus_full,3,0.6361666666666667,0.05840978799253888
main,mnist,7.2,flame_hdbscan,method_minus_full,3,-0.003766666666666659,0.002055075018906443
main,mnist,7.2,mdbg_l0_only,method_minus_full,3,0.0,0.0
clean,mnist,7.2,fedavg,method_minus_full,3,0.5933333333333334,0.05883505191068784
oracle,mnist,7.2,fedavg,oracle_minus_attacked,3,0.04960000000000001,0.0069217049922688755
main,mnist,8.1,fed_mdbscan_g,attack_minus_clean,3,-0.001666666666666668,0.0013576941236277211
main,mnist,8.1,mdbg_l0_only,method_minus_full,3,0.0,0.0
main,mnist,8.1,fedavg,attack_minus_clean,3,-0.0018333333333333164,0.0012342339054382282
main,mnist,8.1,fedavg,method_minus_full,3,-3.333333333332966e-05,0.0002516611478423306
main,mnist,8.1,fltrust_normalized,method_minus_full,3,-0.03320000000000001,0.004680811895387441
main,mnist,8.1,flame_hdbscan,method_minus_full,3,-0.09056666666666668,0.013872394650287816
clean,mnist,8.1,fedavg,method_minus_full,3,0.00013333333333331865,5.7735026918956215e-05
oracle,mnist,8.1,fedavg,oracle_minus_attacked,3,0.0014333333333333236,0.002888482877451993
main,mnist,8.2,fed_mdbscan_g,attack_minus_clean,3,0.021866666666666673,0.014422320663933851
main,mnist,8.2,mdbg_l0_only,method_minus_full,3,0.018166666666666664,0.020750261042534725
main,mnist,8.2,fedavg,attack_minus_clean,3,-0.006800000000000028,0.0024758836806280105
main,mnist,8.2,fedavg,method_minus_full,3,0.5646666666666667,0.062216503705474574
main,mnist,8.2,fltrust_normalized,method_minus_full,3,0.4442333333333333,0.1272584116407765
main,mnist,8.2,flame_hdbscan,method_minus_full,3,-0.07016666666666668,0.03655137936293694
clean,mnist,8.2,fedavg,method_minus_full,3,0.5933333333333334,0.05883505191068784
oracle,mnist,8.2,fedavg,oracle_minus_attacked,3,-0.00913333333333329,0.00490849603578663
main,fashion_mnist,6.2,fedavg,method_minus_full,3,0.4186666666666667,0.07730409648481341
main,fashion_mnist,6.2,sample_weighted_mean,method_minus_full,3,0.3974333333333333,0.12810005204266448
main,fashion_mnist,6.2,norm_clip,method_minus_full,3,0.2861,0.0711052740659932
main,fashion_mnist,6.2,coord_median,method_minus_full,3,0.009466666666666679,0.03743986289148687
main,fashion_mnist,6.2,krum_bound30,method_minus_full,3,0.08273333333333331,0.0950074383052892
main,fashion_mnist,6.2,fltrust_normalized,method_minus_full,3,0.36769999999999997,0.14267273740977993
main,fashion_mnist,6.2,flame_hdbscan,method_minus_full,3,-0.0403,0.04483848793168655
main,fashion_mnist,3.3,fed_mdbscan_g,attack_minus_clean,3,0.10176666666666667,0.13161657697012688
main,fashion_mnist,3.3,fedavg,attack_minus_clean,3,-0.1236333333333333,0.030180512476320427
main,fashion_mnist,3.3,fedavg,method_minus_full,3,0.1982666666666667,0.0507009204387192
main,fashion_mnist,3.3,sample_weighted_mean,method_minus_full,3,0.22953333333333334,0.08413289091273002
main,fashion_mnist,3.3,norm_clip,method_minus_full,3,0.1688333333333333,0.046974709507705666
main,fashion_mnist,3.3,coord_median,method_minus_full,3,-0.07423333333333332,0.1335306082264787
main,fashion_mnist,3.3,krum_bound30,method_minus_full,3,0.0002666666666666743,0.058882113866040274
main,fashion_mnist,3.3,fltrust_normalized,method_minus_full,3,0.25353333333333333,0.035002476102889306
main,fashion_mnist,3.3,flame_hdbscan,method_minus_full,3,-0.1017,0.10820956519642799
main,fashion_mnist,4.2,fed_mdbscan_g,attack_minus_clean,3,0.0,0.0
main,fashion_mnist,4.2,fedavg,attack_minus_clean,3,-0.00023333333333330764,0.0003785938897200645
main,fashion_mnist,4.2,fedavg,method_minus_full,3,0.4090666666666667,0.12252535791962954
main,fashion_mnist,4.2,sample_weighted_mean,method_minus_full,3,0.43106666666666665,0.10160257542667578
main,fashion_mnist,4.2,norm_clip,method_minus_full,3,0.2693666666666667,0.0870780301415537
main,fashion_mnist,4.2,coord_median,method_minus_full,3,-0.011733333333333346,0.027289253073936155
main,fashion_mnist,4.2,krum_bound30,method_minus_full,3,0.07843333333333331,0.1021243033431971
main,fashion_mnist,4.2,fltrust_normalized,method_minus_full,3,0.3436333333333334,0.11635387115748805
main,fashion_mnist,4.2,flame_hdbscan,method_minus_full,3,-0.05963333333333334,0.05185290091531364
main,fashion_mnist,5.2,fed_mdbscan_g,attack_minus_clean,3,0.0025666666666666615,0.006071518206621264
main,fashion_mnist,5.2,fedavg,attack_minus_clean,3,3.333333333336667e-05,0.00030550504633040416
main,fashion_mnist,5.2,fedavg,method_minus_full,3,0.40676666666666667,0.12493575682459103
main,fashion_mnist,5.2,sample_weighted_mean,method_minus_full,3,0.4264333333333334,0.10050742924447595
main,fashion_mnist,5.2,norm_clip,method_minus_full,3,0.2673666666666667,0.08861203830932536
main,fashion_mnist,5.2,coord_median,method_minus_full,3,-0.012633333333333338,0.03018283176465278
main,fashion_mnist,5.2,krum_bound30,method_minus_full,3,0.07526666666666666,0.10305228446440833
main,fashion_mnist,5.2,fltrust_normalized,method_minus_full,3,0.3347666666666667,0.11917589241676921
main,fashion_mnist,5.2,flame_hdbscan,method_minus_full,3,-0.0695,0.060989425312917976
main,fashion_mnist,6.1,fedavg,method_minus_full,3,0.0011333333333333566,0.001401189970465595
main,fashion_mnist,6.1,sample_weighted_mean,method_minus_full,3,0.01200000000000001,0.0018193405398660171
main,fashion_mnist,6.1,norm_clip,method_minus_full,3,0.0012000000000000528,0.0012767145334803517
main,fashion_mnist,6.1,coord_median,method_minus_full,3,-0.0501,0.0031192947920964218
main,fashion_mnist,6.1,krum_bound30,method_minus_full,3,-0.047166666666666655,0.004427565169857255
main,fashion_mnist,6.1,fltrust_normalized,method_minus_full,3,-0.04009999999999995,0.00537773186389952
main,fashion_mnist,6.1,flame_hdbscan,method_minus_full,3,-0.06609999999999998,0.006415605972938145
main,fashion_mnist,3.1,fed_mdbscan_g,attack_minus_clean,3,0.10846666666666667,0.24014059076577066
main,fashion_mnist,3.1,fedavg,attack_minus_clean,3,-0.19343333333333332,0.02167633117788462
main,fashion_mnist,3.1,fedavg,method_minus_full,3,0.1074,0.11032782967139347
main,fashion_mnist,3.1,sample_weighted_mean,method_minus_full,3,0.14543333333333336,0.12212142864105925
main,fashion_mnist,3.1,norm_clip,method_minus_full,3,0.22126666666666664,0.10387166761602187
main,fashion_mnist,3.1,coord_median,method_minus_full,3,-0.13066666666666668,0.20032464484764057
main,fashion_mnist,3.1,krum_bound30,method_minus_full,3,0.06323333333333332,0.10363828121564604
main,fashion_mnist,3.1,fltrust_normalized,method_minus_full,3,0.22246666666666667,0.14098430172658702
main,fashion_mnist,3.1,flame_hdbscan,method_minus_full,3,-0.12976666666666667,0.130804332242221
main,fashion_mnist,1.1,fedavg,method_minus_full,3,0.0001666666666666853,0.0003785938897200401
main,fashion_mnist,1.1,sample_weighted_mean,method_minus_full,3,0.005333333333333375,0.000907377172587765
main,fashion_mnist,1.1,norm_clip,method_minus_full,3,0.00013333333333335565,0.0004725815626252519
main,fashion_mnist,1.1,coord_median,method_minus_full,3,-0.007733333333333296,0.0009291573243177182
main,fashion_mnist,1.1,krum_bound30,method_minus_full,3,-0.012799999999999959,0.002570992026436479
main,fashion_mnist,1.1,fltrust_normalized,method_minus_full,3,-0.02513333333333334,0.005921430007467249
main,fashion_mnist,1.1,flame_hdbscan,method_minus_full,3,-0.019299999999999984,0.0019672315572906037
main,fashion_mnist,1.2,fedavg,method_minus_full,3,-0.18430000000000005,0.011490430801323368
main,fashion_mnist,1.2,sample_weighted_mean,method_minus_full,3,-0.20156666666666667,0.01880886315898265
main,fashion_mnist,1.2,norm_clip,method_minus_full,3,-0.005333333333333338,0.0013051181300301512
main,fashion_mnist,1.2,coord_median,method_minus_full,3,-0.0077666666666666995,0.0019553345834750014
main,fashion_mnist,1.2,krum_bound30,method_minus_full,3,-0.005300000000000009,0.0015999999999999903
main,fashion_mnist,1.2,fltrust_normalized,method_minus_full,3,-0.02296666666666669,0.010250040650325878
main,fashion_mnist,1.2,flame_hdbscan,method_minus_full,3,-0.013866666666666657,0.0021126602503321046
main,fashion_mnist,1.3,fedavg,method_minus_full,3,-0.020600000000000025,0.020013245613842826
main,fashion_mnist,1.3,sample_weighted_mean,method_minus_full,3,-0.01200000000000001,0.01444402990858166
main,fashion_mnist,1.3,norm_clip,method_minus_full,3,-0.012200000000000025,0.0018330302779823644
main,fashion_mnist,1.3,coord_median,method_minus_full,3,-0.008933333333333312,0.0007371114795831808
main,fashion_mnist,1.3,krum_bound30,method_minus_full,3,-0.0047666666666666595,0.0022120880030715917
main,fashion_mnist,1.3,fltrust_normalized,method_minus_full,3,-0.025366666666666687,0.003987898360456734
main,fashion_mnist,1.3,flame_hdbscan,method_minus_full,3,-0.012900000000000023,0.0018248287590894566
main,fashion_mnist,2.1,fedavg,method_minus_full,3,-0.17466666666666666,0.012617580327992121
main,fashion_mnist,2.1,sample_weighted_mean,method_minus_full,3,-0.20136666666666667,0.03986042314543754
main,fashion_mnist,2.1,norm_clip,method_minus_full,3,-0.003033333333333369,0.0017559422921421563
main,fashion_mnist,2.1,coord_median,method_minus_full,3,-0.05293333333333331,0.00946379064293657
main,fashion_mnist,2.1,krum_bound30,method_minus_full,3,-0.032366666666666655,0.009555277773740198
main,fashion_mnist,2.1,fltrust_normalized,method_minus_full,3,-0.043300000000000005,0.00510294032886917
main,fashion_mnist,2.1,flame_hdbscan,method_minus_full,3,-0.06533333333333331,0.01068285230326307
main,fashion_mnist,2.2,fedavg,method_minus_full,3,-0.0017666666666667312,0.004206344414492666
main,fashion_mnist,2.2,sample_weighted_mean,method_minus_full,3,-0.03570000000000003,0.07833587939124698
main,fashion_mnist,2.2,norm_clip,method_minus_full,3,-0.0014000000000000308,0.0049568134925575035
main,fashion_mnist,2.2,coord_median,method_minus_full,3,-0.04886666666666669,0.006379132647416376
main,fashion_mnist,2.2,krum_bound30,method_minus_full,3,-0.030933333333333368,0.007617304860206947
main,fashion_mnist,2.2,fltrust_normalized,method_minus_full,3,-0.042333333333333334,0.005608327142146162
main,fashion_mnist,2.2,flame_hdbscan,method_minus_full,3,-0.06686666666666667,0.005940819247657098
main,fashion_mnist,2.3,fedavg,method_minus_full,3,-0.18159999999999998,0.014723790272888308
main,fashion_mnist,2.3,sample_weighted_mean,method_minus_full,3,-0.21146666666666666,0.0361753138664108
main,fashion_mnist,2.3,norm_clip,method_minus_full,3,-0.007766666666666662,0.00170098010962312
main,fashion_mnist,2.3,coord_median,method_minus_full,3,-0.0457,0.008860586888011451
main,fashion_mnist,2.3,krum_bound30,method_minus_full,3,-0.005733333333333331,0.0023115651263447994
main,fashion_mnist,2.3,fltrust_normalized,method_minus_full,3,-0.047099999999999954,0.014519297503667383
main,fashion_mnist,2.3,flame_hdbscan,method_minus_full,3,-0.04813333333333333,0.024032131269059998
main,fashion_mnist,3.2,fedavg,method_minus_full,3,-0.09426666666666668,0.022893740046862916
main,fashion_mnist,3.2,sample_weighted_mean,method_minus_full,3,-0.05633333333333331,0.04885533065422174
main,fashion_mnist,3.2,norm_clip,method_minus_full,3,0.04919999999999999,0.009829038610159215
main,fashion_mnist,3.2,coord_median,method_minus_full,3,-0.2844,0.12527900861676702
main,fashion_mnist,3.2,krum_bound30,method_minus_full,3,0.021700000000000014,0.03525663058206209
main,fashion_mnist,3.2,fltrust_normalized,method_minus_full,3,0.03186666666666671,0.032276358737214045
main,fashion_mnist,3.2,flame_hdbscan,method_minus_full,3,-0.22640000000000002,0.03514029026630261
main,fashion_mnist,4.1,fedavg,method_minus_full,3,0.0009000000000000489,0.0010392304845413401
main,fashion_mnist,4.1,sample_weighted_mean,method_minus_full,3,0.01206666666666667,0.0062612565299094225
main,fashion_mnist,4.1,norm_clip,method_minus_full,3,0.0008333333333333526,0.0008621678104251853
main,fashion_mnist,4.1,coord_median,method_minus_full,3,-0.04900000000000001,0.004457577817604545
main,fashion_mnist,4.1,krum_bound30,method_minus_full,3,-0.04550000000000002,0.005990826320300081
main,fashion_mnist,4.1,fltrust_normalized,method_minus_full,3,-0.03983333333333335,0.004883987441971283
main,fashion_mnist,4.1,flame_hdbscan,method_minus_full,3,-0.06579999999999997,0.00867582849069762
main,fashion_mnist,4.3,fedavg,method_minus_full,3,0.42363333333333336,0.0855058087695411
main,fashion_mnist,4.3,sample_weighted_mean,method_minus_full,3,0.4667666666666667,0.07307820012379436
main,fashion_mnist,4.3,norm_clip,method_minus_full,3,0.2879666666666667,0.07111971128550322
main,fashion_mnist,4.3,coord_median,method_minus_full,3,0.00936666666666667,0.019910382551154918
main,fashion_mnist,4.3,krum_bound30,method_minus_full,3,0.07440000000000001,0.11076493127339537
main,fashion_mnist,4.3,fltrust_normalized,method_minus_full,3,0.3541666666666667,0.08851634500663332
main,fashion_mnist,4.3,flame_hdbscan,method_minus_full,3,-0.046566666666666666,0.04033488977713132
main,fashion_mnist,5.1,fedavg,method_minus_full,3,0.00146666666666669,0.0012503332889007663
main,fashion_mnist,5.1,sample_weighted_mean,method_minus_full,3,0.011866666666666656,0.0051733290377988924
main,fashion_mnist,5.1,norm_clip,method_minus_full,3,0.0012666666666666382,0.0010598742063723029
main,fashion_mnist,5.1,coord_median,method_minus_full,3,-0.04800000000000001,0.004968903299521956
main,fashion_mnist,5.1,krum_bound30,method_minus_full,3,-0.043333333333333335,0.008585064550330068
main,fashion_mnist,5.1,fltrust_normalized,method_minus_full,3,-0.04019999999999998,0.004430575583375167
main,fashion_mnist,5.1,flame_hdbscan,method_minus_full,3,-0.06613333333333334,0.005621684207898329
main,fashion_mnist,5.3,fedavg,method_minus_full,3,0.4155333333333333,0.09371068953611073
main,fashion_mnist,5.3,sample_weighted_mean,method_minus_full,3,0.45983333333333337,0.08173202146853664
main,fashion_mnist,5.3,norm_clip,method_minus_full,3,0.27903333333333336,0.07828067024070082
main,fashion_mnist,5.3,coord_median,method_minus_full,3,0.0059333333333333365,0.0320025519815738
main,fashion_mnist,5.3,krum_bound30,method_minus_full,3,0.0709,0.11742644506243043
main,fashion_mnist,5.3,fltrust_normalized,method_minus_full,3,0.3468,0.10259122769515919
main,fashion_mnist,5.3,flame_hdbscan,method_minus_full,3,-0.056566666666666675,0.049677996470603905
ablation,fashion_mnist,6.2,mdbg_l0_only,ablation_minus_full,3,-6.666666666667782e-05,0.0001154700538379445
ablation,fashion_mnist,6.2,mdbg_no_momentum,ablation_minus_full,3,0.0,0.0
ablation,fashion_mnist,6.2,mdbg_no_valve,ablation_minus_full,3,-3.333333333333891e-05,5.773502691897224e-05
ablation,fashion_mnist,6.2,mdbg_rtr15,ablation_minus_full,3,0.01776666666666667,0.07514215417016826
ablation,fashion_mnist,6.2,mdbg_rtr20,ablation_minus_full,3,0.02950000000000001,0.060417298847267265
ablation,fashion_mnist,6.2,mdbg_rtr30,ablation_minus_full,3,0.012433333333333352,0.02689913257585331
ablation,fashion_mnist,6.2,fed_g2l_25,ablation_minus_full,3,-6.666666666667782e-05,0.0001154700538379445
ablation,fashion_mnist,3.3,mdbg_l0_only,ablation_minus_full,3,-0.015033333333333343,0.020434366477415762
ablation,fashion_mnist,3.3,mdbg_no_momentum,ablation_minus_full,3,0.0,0.0
ablation,fashion_mnist,3.3,mdbg_no_valve,ablation_minus_full,3,0.0,0.0
ablation,fashion_mnist,3.3,mdbg_rtr15,ablation_minus_full,3,-0.08423333333333331,0.10440844474147355
ablation,fashion_mnist,3.3,mdbg_rtr20,ablation_minus_full,3,-0.022033333333333332,0.020062984158228644
ablation,fashion_mnist,3.3,mdbg_rtr30,ablation_minus_full,3,0.0353,0.04844615567823726
ablation,fashion_mnist,3.3,fed_g2l_25,ablation_minus_full,3,-0.015033333333333343,0.020434366477415762
ablation,fashion_mnist,4.2,mdbg_l0_only,ablation_minus_full,3,-0.001366666666666692,0.001115048578911857
ablation,fashion_mnist,4.2,mdbg_no_momentum,ablation_minus_full,3,0.0,0.0
ablation,fashion_mnist,4.2,mdbg_no_valve,ablation_minus_full,3,-0.0005000000000000097,0.0007810249675906682
ablation,fashion_mnist,4.2,mdbg_rtr15,ablation_minus_full,3,-0.0016666666666666867,0.050120787437283286
ablation,fashion_mnist,4.2,mdbg_rtr20,ablation_minus_full,3,0.01636666666666664,0.02638111698418648
ablation,fashion_mnist,4.2,mdbg_rtr30,ablation_minus_full,3,-0.009533333333333347,0.03745188023762403
ablation,fashion_mnist,4.2,fed_g2l_25,ablation_minus_full,3,-0.001366666666666692,0.001115048578911857
ablation,fashion_mnist,5.2,mdbg_l0_only,ablation_minus_full,3,-0.004466666666666684,0.006308988297130817
ablation,fashion_mnist,5.2,mdbg_no_momentum,ablation_minus_full,3,0.0,0.0
ablation,fashion_mnist,5.2,mdbg_no_valve,ablation_minus_full,3,-0.0005999999999999986,0.000793725393319379
ablation,fashion_mnist,5.2,mdbg_rtr15,ablation_minus_full,3,-0.007933333333333329,0.050568896896544355
ablation,fashion_mnist,5.2,mdbg_rtr20,ablation_minus_full,3,0.010966666666666661,0.033907275522125524
ablation,fashion_mnist,5.2,mdbg_rtr30,ablation_minus_full,3,-0.014066666666666663,0.03054674014249855
ablation,fashion_mnist,5.2,fed_g2l_25,ablation_minus_full,3,-0.004466666666666684,0.006308988297130817
clean,fashion_mnist,3.1,fedavg,method_minus_full,3,0.4093,0.12266115929665763
oracle,fashion_mnist,3.1,fedavg,oracle_minus_attacked,3,0.16699999999999995,0.022432788502546833
clean,fashion_mnist,3.3,fedavg,method_minus_full,3,0.42366666666666664,0.08505741198351459
oracle,fashion_mnist,3.3,fedavg,oracle_minus_attacked,3,0.08383333333333332,0.008803029781463531
clean,fashion_mnist,4.2,fedavg,method_minus_full,3,0.4093,0.12266115929665763
oracle,fashion_mnist,4.2,fedavg,oracle_minus_attacked,3,-0.02620000000000004,0.02034035397922067
clean,fashion_mnist,5.2,fedavg,method_minus_full,3,0.4093,0.12266115929665763
oracle,fashion_mnist,5.2,fedavg,oracle_minus_attacked,3,-0.02646666666666671,0.020529328613798664
temporal,fashion_mnist,2.1,mdbg_no_momentum,method_minus_full,3,0.0,0.0
temporal,fashion_mnist,3.1,mdbg_no_momentum,method_minus_full,3,0.0,0.0
preserve_empty,fashion_mnist,6.2,mdbg_l0_only,method_minus_full,3,0.006000000000000005,0.010392304845413272
preserve_empty,fashion_mnist,6.2,fed_g2l_25,method_minus_full,3,0.006000000000000005,0.010392304845413272
preserve_empty,fashion_mnist,3.3,mdbg_l0_only,method_minus_full,3,0.0012333333333333456,0.013392659681083987
preserve_empty,fashion_mnist,3.3,fed_g2l_25,method_minus_full,3,0.0012333333333333456,0.013392659681083987
fixed_steps,fashion_mnist,3.3,mdbg_l0_only,method_minus_full,3,0.0,0.0
fixed_steps,fashion_mnist,3.3,fedavg,method_minus_full,3,0.0,0.0
fixed_steps,fashion_mnist,5.2,mdbg_l0_only,method_minus_full,3,0.00046666666666668927,0.0008082903768655153
fixed_steps,fashion_mnist,5.2,fedavg,method_minus_full,3,0.17163333333333333,0.21035641975783229
main,fashion_mnist,7.1,fed_mdbscan_g,attack_minus_clean,3,-0.22463333333333332,0.1404959904528714
main,fashion_mnist,7.1,fedavg,attack_minus_clean,3,-0.22516666666666665,0.14218671996123033
main,fashion_mnist,7.1,fedavg,method_minus_full,3,0.0006666666666666673,0.0011547005383792525
main,fashion_mnist,7.1,sample_weighted_mean,method_minus_full,3,0.08796666666666662,0.16711494048508452
main,fashion_mnist,7.1,norm_clip,method_minus_full,3,-6.666666666669634e-05,0.004860384072615352
main,fashion_mnist,7.1,coord_median,method_minus_full,3,-0.2911333333333333,0.12857407722139536
main,fashion_mnist,7.1,krum_bound30,method_minus_full,3,-0.031766666666666665,0.1788790746100095
main,fashion_mnist,7.1,fltrust_normalized,method_minus_full,3,0.17639999999999997,0.15279803663660077
main,fashion_mnist,7.1,flame_hdbscan,method_minus_full,3,-0.2657666666666667,0.15808131873606487
main,fashion_mnist,7.1,mdbg_l0_only,method_minus_full,3,0.0,0.0
clean,fashion_mnist,7.1,fedavg,method_minus_full,3,0.001200000000000016,0.001252996408614197
oracle,fashion_mnist,7.1,fedavg,oracle_minus_attacked,3,0.22303333333333328,0.14192287811812912
main,fashion_mnist,7.2,fed_mdbscan_g,attack_minus_clean,3,-0.04773333333333334,0.057729137645848604
main,fashion_mnist,7.2,fedavg,attack_minus_clean,3,-0.05840000000000001,0.03282240088719897
main,fashion_mnist,7.2,fedavg,method_minus_full,3,0.413,0.06975872705260612
main,fashion_mnist,7.2,sample_weighted_mean,method_minus_full,3,0.49686666666666673,0.05023836515386753
main,fashion_mnist,7.2,norm_clip,method_minus_full,3,0.20943333333333336,0.0222785397486759
main,fashion_mnist,7.2,coord_median,method_minus_full,3,-0.12313333333333332,0.10067851475530085
main,fashion_mnist,7.2,krum_bound30,method_minus_full,3,-0.014266666666666658,0.014875931343392686
main,fashion_mnist,7.2,fltrust_normalized,method_minus_full,3,0.42556666666666665,0.06896233271383251
main,fashion_mnist,7.2,flame_hdbscan,method_minus_full,3,-0.03639999999999999,0.08236024526432639
main,fashion_mnist,7.2,mdbg_l0_only,method_minus_full,3,0.0,0.0
clean,fashion_mnist,7.2,fedavg,method_minus_full,3,0.42366666666666664,0.08505741198351459
oracle,fashion_mnist,7.2,fedavg,oracle_minus_attacked,3,0.018600000000000023,0.02762824641557984
main,fashion_mnist,8.1,fed_mdbscan_g,attack_minus_clean,3,-0.0008333333333333156,0.0018929694486001126
main,fashion_mnist,8.1,mdbg_l0_only,method_minus_full,3,0.0,0.0
main,fashion_mnist,8.1,fedavg,attack_minus_clean,3,-0.0015333333333333865,0.0004041451884326935
main,fashion_mnist,8.1,fedavg,method_minus_full,3,0.0004999999999999449,0.0016522711641858703
main,fashion_mnist,8.1,fltrust_normalized,method_minus_full,3,-0.038433333333333354,0.010266612553969951
main,fashion_mnist,8.1,flame_hdbscan,method_minus_full,3,-0.09210000000000003,0.02561503464764392
clean,fashion_mnist,8.1,fedavg,method_minus_full,3,0.001200000000000016,0.001252996408614197
oracle,fashion_mnist,8.1,fedavg,oracle_minus_attacked,3,-0.000600000000000008,0.0014106735979666023
main,fashion_mnist,8.2,fed_mdbscan_g,attack_minus_clean,3,0.005900000000000007,0.008400000000000008
main,fashion_mnist,8.2,mdbg_l0_only,method_minus_full,3,0.0031333333333333213,0.005427092530382462
main,fashion_mnist,8.2,fedavg,attack_minus_clean,3,-0.004566666666666645,0.002608320021265336
main,fashion_mnist,8.2,fedavg,method_minus_full,3,0.4132,0.0922502574522153
main,fashion_mnist,8.2,fltrust_normalized,method_minus_full,3,0.28873333333333334,0.0752452877815836
main,fashion_mnist,8.2,flame_hdbscan,method_minus_full,3,-0.04176666666666665,0.03733956793179768
clean,fashion_mnist,8.2,fedavg,method_minus_full,3,0.42366666666666664,0.08505741198351459
oracle,fashion_mnist,8.2,fedavg,oracle_minus_attacked,3,-0.03523333333333334,0.02388856072126008
main,cifar10,6.1,fedavg,method_minus_full,3,0.00036666666666664477,0.0010598742063722985
main,cifar10,6.1,flame_hdbscan,method_minus_full,3,-0.15416666666666667,0.03214596916151903
main,cifar10,6.2,fedavg,method_minus_full,3,0.1486333333333333,0.08327342513271166
main,cifar10,6.2,flame_hdbscan,method_minus_full,3,-0.007199999999999994,0.012791794244749256
main,cifar10,7.1,fed_mdbscan_g,attack_minus_clean,3,-0.4167,0.02561464424894472
main,cifar10,7.1,fedavg,attack_minus_clean,3,-0.4028333333333334,0.011307224828990256
main,cifar10,7.1,fedavg,method_minus_full,3,0.013766666666666663,0.018178100377468847
main,cifar10,7.1,flame_hdbscan,method_minus_full,2,0.03635,0.020576807332528535
clean,cifar10,7.1,fedavg,method_minus_full,3,-9.999999999997049e-05,0.00043588989435413395
oracle,cifar10,7.1,fedavg,oracle_minus_attacked,3,0.39999999999999997,0.012264990827554676
main,cifar10,7.2,fed_mdbscan_g,attack_minus_clean,3,-0.004566666666666663,0.0006658328118479389
main,cifar10,7.2,fedavg,attack_minus_clean,3,-0.10243333333333332,0.08723905853075978
main,cifar10,7.2,fedavg,method_minus_full,3,0.050300000000000004,0.01718924082093216
main,cifar10,7.2,flame_hdbscan,method_minus_full,3,-0.008266666666666663,0.01639796735370983
clean,cifar10,7.2,fedavg,method_minus_full,3,0.14816666666666667,0.0746579087125626
oracle,cifar10,7.2,fedavg,oracle_minus_attacked,3,0.1159,0.01057024124606436
main,cifar10,8.1,fed_mdbscan_g,attack_minus_clean,3,-0.0030000000000000395,0.0034044089061098554
main,cifar10,8.1,fedavg,attack_minus_clean,3,-0.0034666666666666366,0.0031342197327777236
main,cifar10,8.1,fedavg,method_minus_full,3,-0.0003333333333332966,0.0008326663997864547
main,cifar10,8.1,flame_hdbscan,method_minus_full,3,-0.14083333333333334,0.030419127754314924
clean,cifar10,8.1,fedavg,method_minus_full,3,0.00013333333333330014,0.000305505046330386
oracle,cifar10,8.1,fedavg,oracle_minus_attacked,3,0.00019999999999997797,0.0053563046963367965
main,cifar10,8.2,fed_mdbscan_g,attack_minus_clean,3,-0.0035666666666666624,0.003927255190757705
main,cifar10,8.2,fedavg,attack_minus_clean,3,0.020766666666666666,0.06307712210725322
main,cifar10,8.2,fedavg,method_minus_full,3,0.17443333333333333,0.01141767635437845
main,cifar10,8.2,flame_hdbscan,method_minus_full,3,-0.014599999999999993,0.022863945416309945
clean,cifar10,8.2,fedavg,method_minus_full,3,0.1501,0.07102260203625321
oracle,cifar10,8.2,fedavg,oracle_minus_attacked,3,-0.009166666666666656,0.025407938392032786
