dataset,method,seed,rounds,final_accuracy,fpr,rho_samples_norm_median,rho_samples_norm_valid_rounds,rho_samples_norm_round0,rho_samples_reject_median,rho_samples_reject_valid_rounds,rho_samples_reject_round0,rho_samples_norm_nonfloor_median,rho_samples_norm_nonfloor_valid_rounds,rho_samples_norm_nonfloor_round0,rho_samples_reject_nonfloor_median,rho_samples_reject_nonfloor_valid_rounds,rho_samples_reject_nonfloor_round0,rho_entropy_norm_median,rho_entropy_norm_valid_rounds,rho_entropy_norm_round0,rho_samples_entropy_median,rho_samples_entropy_valid_rounds,rho_samples_entropy_round0,quartile_gap_median,quartile_gap_valid_rounds,quartile_gap_round0,floor_n,floor_fp,floor_fpr,nonfloor_n,nonfloor_fp,nonfloor_fpr
cifar10,fed_mdbscan_g,137,30,0.1653,0.42444444444444446,0.686402141727195,30,0.531405691765455,0.6941756745521246,30,0.75818790367383,-0.034309852514892845,30,-0.22998809496837094,-0.040425435184678754,30,0.0037534074287867065,-0.6347470614447864,30,-0.8910750408991718,-0.6607729044879401,30,-0.6550616546649408,0.7745153397327311,30,0.774703557312253,1664,233,0.14002403846153846,1036,913,0.8812741312741312
cifar10,fed_mdbscan_g,2024,30,0.1879,0.0,0.41101816567755833,30,0.2662657981277733,,0,,0.049346644816284285,30,0.1660557184750733,,0,,-0.6367626591650279,30,-0.8816630433883804,-0.19374834166836613,30,-0.23086995817740524,0.0,30,0.0,1709,0,0.0,991,0,0.0
cifar10,fed_mdbscan_g,42,30,0.1682,0.40925925925925927,0.7062128156547599,30,0.661175649406599,0.7399937373434565,30,0.72922340710508,-0.1205340046669269,30,-0.1375140776525077,-0.07456736413544973,30,-0.12983783530751408,-0.5832849931642023,30,-0.9161268589986238,-0.6549059406360551,30,-0.653188149378605,0.7916666666666666,30,0.7662337662337662,1561,122,0.07815502882767457,1139,983,0.8630377524143986
cifar10,fedavg,137,30,0.1616,0.0,0.702956235738061,30,0.531405691765455,,0,,-0.03786829102722877,30,-0.22998809496837094,,0,,-0.658694092302103,30,-0.8910750408991718,-0.6607729044879401,30,-0.6550616546649408,0.0,30,0.0,1664,0,0.0,1036,0,0.0
cifar10,fedavg,2024,30,0.188,0.0,0.41156160452429524,30,0.2662657981277733,,0,,0.050629636018630325,30,0.1660557184750733,,0,,-0.6367626591650279,30,-0.8816630433883804,-0.19374834166836613,30,-0.23086995817740524,0.0,30,0.0,1709,0,0.0,991,0,0.0
cifar10,fedavg,42,30,0.2273,0.0,0.718441481581924,30,0.661175649406599,,0,,-0.08696295266802412,30,-0.1375140776525077,,0,,-0.7007794483894287,30,-0.9161268589986238,-0.6549059406360551,30,-0.653188149378605,0.0,30,0.0,1561,0,0.0,1139,0,0.0
cifar10,flame_hdbscan,137,30,0.1584,0.4881481481481481,0.6869256140191555,30,0.531405691765455,0.7236053166066696,30,0.7236053166066696,-0.05864294285545299,30,-0.22998809496837094,-0.28869535206408126,28,-0.28869535206408126,-0.5953387952750062,30,-0.8910750408991718,-0.6607729044879401,30,-0.6550616546649408,0.8268280632411067,30,0.8241106719367589,1664,313,0.18810096153846154,1036,1005,0.9700772200772201
cifar10,flame_hdbscan,2024,30,0.1791,0.422962962962963,0.2871740358080765,30,0.2662657981277733,0.3009204672242865,30,-0.09570852866318805,0.03282244716068246,30,0.1660557184750733,-0.03176061756428171,30,-0.1300713854222445,-0.5486647512062106,30,-0.8816630433883804,-0.19374834166836613,30,-0.23086995817740524,0.24687747035573127,30,-0.12987012987012986,1709,527,0.30836746635459333,991,615,0.62058526740666
cifar10,flame_hdbscan,42,30,0.1625,0.4874074074074074,0.6995088636553177,30,0.661175649406599,0.6918709588463404,30,0.6915423160132039,-0.03586604262268814,30,-0.1375140776525077,-0.12825378475103916,30,-0.12983783530751408,-0.5479064298338885,30,-0.9161268589986238,-0.6549059406360551,30,-0.653188149378605,0.7814558629776021,30,0.7662337662337662,1561,263,0.16848174247277387,1139,1053,0.9244951712028094
fashion_mnist,fed_mdbscan_g,137,30,0.6616,0.0003703703703703704,0.5414058115548832,30,0.08301762727392764,0.1501626444129918,1,,0.1341127807829861,30,-0.25583876883998924,0.11792170712618034,1,,0.16317985760678919,30,-0.5996898962159125,-0.03518072723881138,30,-0.028555661665662802,0.0,30,0.0,1562,0,0.0,1138,1,0.0008787346221441124
fashion_mnist,fed_mdbscan_g,2024,30,0.5377,0.09888888888888889,0.5266726124300272,30,-0.3032890279395723,0.4047712500574367,23,,0.13789237148370273,30,-0.2447876447876448,0.04325904563487001,23,,-0.014566403514307304,30,-0.6676494432869224,-0.09143743756767597,30,-0.05310984865363252,0.2532608695652174,30,0.0,1615,26,0.01609907120743034,1085,241,0.22211981566820277
fashion_mnist,fed_mdbscan_g,42,30,0.1998,0.38814814814814813,0.6834757568140545,30,-0.4615093289831701,0.7405914172862896,28,,0.1122881233353274,30,-0.03836952956986212,-0.023679287408181333,28,,0.3016636602334074,30,-0.5707982332392705,0.18367752577055496,30,0.23121818414595066,0.779209015622059,30,0.0,1519,113,0.07439104674127715,1181,935,0.7917019475021169
fashion_mnist,fedavg,137,30,0.6659,0.0,0.5414058115548832,30,0.08301762727392764,,0,,0.1341127807829861,30,-0.25583876883998924,,0,,0.16317985760678919,30,-0.5996898962159125,-0.03518072723881138,30,-0.028555661665662802,0.0,30,0.0,1562,0,0.0,1138,0,0.0
fashion_mnist,fedavg,2024,30,0.6511,0.0,0.5547155030105979,30,-0.3032890279395723,,0,,0.1456376540458697,30,-0.2447876447876448,,0,,-0.03372692810399829,30,-0.6676494432869224,-0.09143743756767597,30,-0.05310984865363252,0.0,30,0.0,1615,0,0.0,1085,0,0.0
fashion_mnist,fedavg,42,30,0.5947,0.0,0.6664823740923065,30,-0.4615093289831701,,0,,0.17753424605282278,30,-0.03836952956986212,,0,,0.1282660432021216,30,-0.5707982332392705,0.18367752577055496,30,0.23121818414595066,0.0,30,0.0,1519,0,0.0,1181,0,0.0
fashion_mnist,flame_hdbscan,137,30,0.2947,0.4159259259259259,0.4203332543114996,30,0.08301762727392764,0.4203544389956346,30,0.14589170806187393,0.12292676275274735,30,-0.25583876883998924,0.10613968806934938,30,0.01277525070204612,0.30967819132998,30,-0.5996898962159125,-0.03518072723881138,30,-0.028555661665662802,0.4791666666666667,30,0.45833333333333326,1562,394,0.25224071702944945,1138,729,0.640597539543058
fashion_mnist,flame_hdbscan,2024,30,0.4605,0.47703703703703704,0.13517034032863962,30,-0.3032890279395723,0.07295321353907591,30,-0.008312453253068341,-0.04399618455346009,30,-0.2447876447876448,0.06110143766268587,30,0.0027118799878642825,0.038426715661151495,30,-0.6676494432869224,-0.09143743756767597,30,-0.05310984865363252,0.023762469414643328,30,-0.11904761904761907,1615,726,0.44953560371517026,1085,562,0.5179723502304148
fashion_mnist,flame_hdbscan,42,30,0.1998,0.4711111111111111,0.693960014623981,30,-0.4615093289831701,0.6432766558079328,30,0.004266827337830216,0.14074598934974272,30,-0.03836952956986212,-0.03103489784340242,30,0.08543444353386528,0.28656647236976673,30,-0.5707982332392705,0.18367752577055496,30,0.23121818414595066,0.6561853002070394,30,0.18181818181818177,1519,290,0.19091507570770244,1181,982,0.8314987298899238
fashion_mnist,fltrust_normalized,137,30,0.6864,0.27925925925925926,0.31373475881150603,30,0.08301762727392764,-0.09450907983821588,30,-0.08461491116308766,0.03671168209219269,30,-0.25583876883998924,-0.08249665302334759,29,,-0.3305828011545201,30,-0.5996898962159125,-0.03518072723881138,30,-0.028555661665662802,-0.0581140350877193,30,-0.041666666666666664,1562,537,0.3437900128040973,1138,217,0.19068541300527242
fashion_mnist,fltrust_normalized,2024,30,0.6301,0.337037037037037,0.4511058961062124,30,-0.3032890279395723,-0.12454517030313399,29,,0.14045800655707774,30,-0.2447876447876448,-0.11394094357194787,28,,-0.011544687381987839,30,-0.6676494432869224,-0.09143743756767597,30,-0.05310984865363252,-0.1475272915490307,30,0.0,1615,618,0.3826625386996904,1085,292,0.26912442396313363
fashion_mnist,fltrust_normalized,42,30,0.6973,0.37222222222222223,0.2663594133970486,30,-0.4615093289831701,-0.39888148331713524,30,0.14265473632273692,0.053579848218463955,30,-0.03836952956986212,-0.09988070771211977,30,-0.16856955256026804,0.009525504630962571,30,-0.5707982332392705,0.18367752577055496,30,0.23121818414595066,-0.34592261285625125,30,0.045454545454545456,1519,753,0.4957208689927584,1181,252,0.21337849280270957
fashion_mnist,krum_bound30,137,30,0.4313,0.32222222222222224,0.5500323459590959,30,0.08301762727392764,0.5738120012899102,30,0.6232360172170703,0.02988594945110997,30,-0.25583876883998924,-0.012804903395217355,30,-0.1440089198474309,0.13885748387951002,30,-0.5996898962159125,-0.03518072723881138,30,-0.028555661665662802,0.657427536231884,30,0.6726190476190477,1562,124,0.0793854033290653,1138,746,0.655536028119508
fashion_mnist,krum_bound30,2024,30,0.4119,0.32222222222222224,0.5189453083679414,30,-0.3032890279395723,0.5493653254339266,30,0.437716843347529,0.10686137406291452,30,-0.2447876447876448,0.14465347721501057,30,0.0027118799878642825,0.043015762684236784,30,-0.6676494432869224,-0.09143743756767597,30,-0.05310984865363252,0.5528345567476002,30,0.5214285714285714,1615,189,0.11702786377708978,1085,681,0.6276497695852534
fashion_mnist,krum_bound30,42,30,0.2835,0.32222222222222224,0.677392420503927,30,-0.4615093289831701,0.673482796894868,30,0.7098240851321681,0.12753378892885303,30,-0.03836952956986212,0.13832131372138692,30,0.12288262260852113,0.24170720906935927,30,-0.5707982332392705,0.18367752577055496,30,0.23121818414595066,0.721482683982684,30,0.7727272727272728,1519,65,0.042791310072416065,1181,805,0.6816257408975445
fashion_mnist,mdbg_l0_only,137,30,0.6616,0.0003703703703703704,0.5414058115548832,30,0.08301762727392764,0.1501626444129918,1,,0.1341127807829861,30,-0.25583876883998924,0.11792170712618034,1,,0.16317985760678919,30,-0.5996898962159125,-0.03518072723881138,30,-0.028555661665662802,0.0,30,0.0,1562,0,0.0,1138,1,0.0008787346221441124
fashion_mnist,mdbg_l0_only,2024,30,0.5434,0.07740740740740741,0.5365871005927897,30,-0.3032890279395723,0.32918301113233006,23,,0.153024453024453,30,-0.2447876447876448,0.04416942325792755,23,,0.00041262309734728603,30,-0.6676494432869224,-0.09143743756767597,30,-0.05310984865363252,0.17579521927348013,30,0.0,1615,33,0.02043343653250774,1085,176,0.1622119815668203
fashion_mnist,mdbg_l0_only,42,30,0.1998,0.38814814814814813,0.6834757568140545,30,-0.4615093289831701,0.7405914172862896,28,,0.1122881233353274,30,-0.03836952956986212,-0.023679287408181333,28,,0.3016636602334074,30,-0.5707982332392705,0.18367752577055496,30,0.23121818414595066,0.779209015622059,30,0.0,1519,113,0.07439104674127715,1181,935,0.7917019475021169
har,fed_mdbscan_g,137,30,0.34543603664743805,0.0,0.2665022954620807,30,-0.30489898148690137,,0,,-0.11238390092879257,30,0.035714285714285705,,0,,-0.14209564577587816,30,-0.5733780157693449,0.1397535649817097,30,0.13169811152094732,0.0,30,0.0,2164,0,0.0,536,0,0.0
har,fed_mdbscan_g,2024,30,0.47336274177129284,0.0,0.26639951868527467,30,-0.03722050923798113,,0,,0.057273618829682904,30,0.2749858836815359,,0,,-0.18708863783704963,30,-0.4867941850245425,-0.11825277587103374,30,-0.10504461503677524,0.0,30,0.0,2021,0,0.0,679,0,0.0
har,fed_mdbscan_g,42,30,0.4129623345775365,0.04037037037037037,0.5163707508170078,30,0.1111212081127386,0.5897758549600663,10,,-0.09502898885531313,30,0.0792079687225004,-0.030251507419984114,10,,-0.1174674238258779,30,-0.41922990408123273,-0.037527936080386064,30,-0.05806261639856116,0.0,30,0.0,2189,30,0.013704888076747372,511,79,0.15459882583170254
har,fedavg,137,30,0.34543603664743805,0.0,0.2665022954620807,30,-0.30489898148690137,,0,,-0.11238390092879257,30,0.035714285714285705,,0,,-0.14209564577587816,30,-0.5733780157693449,0.1397535649817097,30,0.13169811152094732,0.0,30,0.0,2164,0,0.0,536,0,0.0
har,fedavg,2024,30,0.47336274177129284,0.0,0.26639951868527467,30,-0.03722050923798113,,0,,0.057273618829682904,30,0.2749858836815359,,0,,-0.18708863783704963,30,-0.4867941850245425,-0.11825277587103374,30,-0.10504461503677524,0.0,30,0.0,2021,0,0.0,679,0,0.0
har,fedavg,42,30,0.4149983033593485,0.0,0.5136446027303716,30,0.1111212081127386,,0,,-0.06621705720388042,30,0.0792079687225004,,0,,-0.12132531590387106,30,-0.41922990408123273,-0.037527936080386064,30,-0.05806261639856116,0.0,30,0.0,2189,0,0.0,511,0,0.0
har,flame_hdbscan,137,30,0.1818798778418731,0.3396296296296296,0.324308278903473,30,-0.30489898148690137,0.4428959229151993,30,0.4518861348424327,-0.09073418841220698,30,0.035714285714285705,-0.07008766440504624,30,-0.07715167498104596,-0.008764211290283564,30,-0.5733780157693449,0.1397535649817097,30,0.13169811152094732,0.650103519668737,30,0.67,2164,506,0.23382624768946395,536,411,0.7667910447761194
har,flame_hdbscan,2024,30,0.3708856464200882,0.43592592592592594,0.1555862408215809,30,-0.03722050923798113,0.06661631730784151,30,-0.002870595844424768,0.0811173608999696,30,0.2749858836815359,0.055959084248880436,30,0.15300774894579097,0.269029501502462,30,-0.4867941850245425,-0.11825277587103374,30,-0.10504461503677524,0.16523809523809527,30,0.0757575757575758,2021,846,0.4186046511627907,679,331,0.48748159057437407
har,flame_hdbscan,42,30,0.32473702069901594,0.4562962962962963,0.46482077770795616,30,0.1111212081127386,0.3384413485958591,30,0.3123413560926163,-0.04879179669577042,30,0.0792079687225004,-0.3680809135139266,30,-0.2159652035930687,0.16265820846438542,30,-0.41922990408123273,-0.037527936080386064,30,-0.05806261639856116,0.6857707509881423,30,0.61,2189,809,0.3695751484696208,511,423,0.8277886497064579
har,fltrust_normalized,137,30,0.327451645741432,0.3233333333333333,-0.05072176331604722,30,-0.30489898148690137,-0.0808855212201339,30,0.3833020767974865,-0.02353309744950612,30,0.035714285714285705,0.05491411741166461,29,-0.40208322318563217,-0.31499152133419145,30,-0.5733780157693449,0.1397535649817097,30,0.13169811152094732,0.09362648221343874,30,0.45,2164,778,0.35951940850277264,536,95,0.17723880597014927
har,fltrust_normalized,2024,30,0.35629453681710216,0.28629629629629627,0.2255539613162155,30,-0.03722050923798113,-0.09936320244545015,29,0.4008989027508213,0.04769621682665161,30,0.2749858836815359,0.052193886700168265,29,-0.19672424864458837,-0.3717646487824934,30,-0.4867941850245425,-0.11825277587103374,30,-0.10504461503677524,-0.050936853002070376,30,0.4090909090909091,2021,610,0.30183077684314696,679,163,0.24005891016200295
har,fltrust_normalized,42,30,0.33966745843230406,0.3451851851851852,0.42458802874051177,30,0.1111212081127386,-0.17958408951876262,28,0.08475735342114506,-0.07745098039215687,30,0.0792079687225004,0.10256545123110544,27,-0.15706560261314087,-0.35258108325706367,30,-0.41922990408123273,-0.037527936080386064,30,-0.05806261639856116,-0.2333333333333333,30,0.21,2189,836,0.38190954773869346,511,96,0.18786692759295498
har,krum_bound30,137,30,0.3824228028503563,0.32222222222222224,0.2549925043642978,30,-0.30489898148690137,0.08704662979667127,30,0.14028914326621544,-0.14659442724458205,30,0.035714285714285705,-0.08853079663448701,30,0.06185895741317418,0.10387465257859493,30,-0.5733780157693449,0.1397535649817097,30,0.13169811152094732,0.2908549783549783,30,0.41000000000000003,2164,642,0.2966728280961183,536,228,0.4253731343283582
har,krum_bound30,2024,30,0.499151679674245,0.32222222222222224,0.23507043494751545,30,-0.03722050923798113,0.17841477413141096,30,0.2202613142268579,-0.003035008469791079,30,0.2749858836815359,-0.0030201512328258593,30,0.07881104062391008,0.28269759422240215,30,-0.4867941850245425,-0.11825277587103374,30,-0.10504461503677524,0.2653985507246377,30,0.35714285714285715,2021,553,0.2736269173676398,679,317,0.46686303387334316
har,krum_bound30,42,30,0.3834407872412623,0.32222222222222224,0.5046388478484252,30,0.1111212081127386,0.47063463295021535,30,0.4142400445592706,-0.07692308717410676,30,0.0792079687225004,-0.24481789729006764,30,-0.28100074799030694,0.11699158889787381,30,-0.41922990408123273,-0.037527936080386064,30,-0.05806261639856116,0.6015151515151516,30,0.51,2189,466,0.21288259479214253,511,404,0.7906066536203522
har,mdbg_l0_only,137,30,0.34543603664743805,0.0,0.2665022954620807,30,-0.30489898148690137,,0,,-0.11238390092879257,30,0.035714285714285705,,0,,-0.14209564577587816,30,-0.5733780157693449,0.1397535649817097,30,0.13169811152094732,0.0,30,0.0,2164,0,0.0,536,0,0.0
har,mdbg_l0_only,2024,30,0.47336274177129284,0.0,0.26639951868527467,30,-0.03722050923798113,,0,,0.057273618829682904,30,0.2749858836815359,,0,,-0.18708863783704963,30,-0.4867941850245425,-0.11825277587103374,30,-0.10504461503677524,0.0,30,0.0,2021,0,0.0,679,0,0.0
har,mdbg_l0_only,42,30,0.4129623345775365,0.02777777777777778,0.5168769829125068,30,0.1111212081127386,0.5897266113073502,10,,-0.08215820060481459,30,0.0792079687225004,-0.04461237074304722,10,,-0.1174674238258779,30,-0.41922990408123273,-0.037527936080386064,30,-0.05806261639856116,0.0,30,0.0,2189,6,0.002740977615349475,511,69,0.1350293542074364
mnist,fed_mdbscan_g,137,30,0.2134,0.4103703703703704,0.6783164852199002,30,0.42850513283167385,0.7361697258323356,30,0.533879706866209,0.07871484845169055,30,-0.4385017421602789,0.17594003513258186,30,-0.12784184532056,-0.3426333381610953,30,-0.9327184706960393,-0.5371718465977244,30,-0.5320360828059001,0.7371428571428571,30,0.43478260869565216,1512,130,0.08597883597883597,1188,978,0.8232323232323232
mnist,fed_mdbscan_g,2024,30,0.5125,0.22740740740740742,0.649471306076222,30,0.6203104276930959,0.534483357320196,27,,-0.10047793600425178,30,-0.05882352941176472,-0.046464649976355535,27,,-0.508095925860836,30,-0.9114276895664172,-0.673204772424352,30,-0.6876180693441408,0.38370129870129865,30,0.0,1587,74,0.04662885948330183,1113,540,0.48517520215633425
mnist,fed_mdbscan_g,42,30,0.2595,0.4103703703703704,0.6781295381792825,30,0.02497181989259852,0.7478902944991944,29,,0.05623759171586601,30,-0.06445047502081501,0.10805699404279749,29,,-0.5329528024697896,30,-0.6092633431159115,-0.6172935884682027,30,-0.6107418417505369,0.7840909090909091,30,0.0,1457,101,0.06932052161976665,1243,1007,0.8101367658889783
mnist,fedavg,137,30,0.6441,0.0,0.6913622975646072,30,0.42850513283167385,,0,,0.1052347053780018,30,-0.4385017421602789,,0,,-0.4568437251391267,30,-0.9327184706960393,-0.5371718465977244,30,-0.5320360828059001,0.0,30,0.0,1512,0,0.0,1188,0,0.0
mnist,fedavg,2024,30,0.764,0.0,0.6831537548429383,30,0.6203104276930959,,0,,-0.05780655625856865,30,-0.05882352941176472,,0,,-0.5855282623828559,30,-0.9114276895664172,-0.673204772424352,30,-0.6876180693441408,0.0,30,0.0,1587,0,0.0,1113,0,0.0
mnist,fedavg,42,30,0.7665,0.0,0.7001203130473215,30,0.02497181989259852,,0,,0.03356488837325013,30,-0.06445047502081501,,0,,-0.6098892919598571,30,-0.6092633431159115,-0.6172935884682027,30,-0.6107418417505369,0.0,30,0.0,1457,0,0.0,1243,0,0.0
mnist,flame_hdbscan,137,30,0.2132,0.4885185185185185,0.6773990642635825,30,0.42850513283167385,0.640195873174123,30,0.6820225492739942,0.06696756015874146,30,-0.4385017421602789,0.07375939593566022,30,0.07559289460184546,-0.3243807661424646,30,-0.9327184706960393,-0.5371718465977244,30,-0.5320360828059001,0.6907114624505929,30,0.7530434782608695,1512,293,0.19378306878306878,1188,1026,0.8636363636363636
mnist,flame_hdbscan,2024,30,0.2003,0.4862962962962963,0.6726834437007017,30,0.6203104276930959,0.5852809173079675,30,0.7236014579854042,-0.14957872852609694,30,-0.05882352941176472,-0.07479239685050001,30,-0.2886751345948129,-0.5128081839537186,30,-0.9114276895664172,-0.673204772424352,30,-0.6876180693441408,0.5470543948804818,30,0.7747035573122529,1587,358,0.22558286074354128,1113,955,0.8580413297394429
mnist,flame_hdbscan,42,30,0.2024,0.48703703703703705,0.679389597102096,30,0.02497181989259852,0.6835842303611124,30,0.6566579528961752,0.012657351438885609,30,-0.06445047502081501,-0.03942923532141206,30,0.14204749574190578,-0.5508622876749814,30,-0.6092633431159115,-0.6172935884682027,30,-0.6107418417505369,0.7366365518539432,30,0.6888888888888889,1457,212,0.1455044612216884,1243,1103,0.8873692679002414
mnist,fltrust_normalized,137,30,0.7346,0.34925925925925927,0.2562653779740914,30,0.42850513283167385,-0.6185627943506475,28,0.072870647710614,0.06553555558690347,30,-0.4385017421602789,-0.0758249691956441,28,-0.24880667576405968,-0.3631756458398848,30,-0.9327184706960393,-0.5371718465977244,30,-0.5320360828059001,-0.3022774327122153,30,0.0,1512,710,0.4695767195767196,1188,233,0.19612794612794612
mnist,fltrust_normalized,2024,30,0.6165,0.2688888888888889,0.581257112403286,30,0.6203104276930959,-0.27025838284875675,29,0.287978923385227,-0.07265565160302001,30,-0.05882352941176472,0.07507055060648403,29,-0.016169041669088863,-0.49197271018134203,30,-0.9114276895664172,-0.673204772424352,30,-0.6876180693441408,-0.21076839826839827,30,0.13043478260869565,1587,545,0.34341524889729047,1113,181,0.16262353998203055
mnist,fltrust_normalized,42,30,0.8002,0.2903703703703704,0.5891829117004612,30,0.02497181989259852,-0.14364967846317972,30,0.22183923429888835,-0.013837507891465073,30,-0.06445047502081501,-0.013810593637693568,30,0.14259550221085462,-0.571515385308299,30,-0.6092633431159115,-0.6172935884682027,30,-0.6107418417505369,-0.16249999999999998,30,0.08,1457,592,0.40631434454358273,1243,192,0.15446500402252614
mnist,krum_bound30,137,30,0.3639,0.32222222222222224,0.6791199687957948,30,0.42850513283167385,0.6748825076662892,30,0.6660661529414913,0.10422138836772984,30,-0.4385017421602789,0.015340338985652586,30,0.004429811949614589,-0.3519375649968711,30,-0.9327184706960393,-0.5371718465977244,30,-0.5320360828059001,0.6666666666666666,30,0.6521739130434783,1512,47,0.031084656084656083,1188,823,0.6927609427609428
mnist,krum_bound30,2024,30,0.4483,0.32222222222222224,0.6539069772707804,30,0.6203104276930959,0.6663170473750426,30,0.7088920185829942,-0.15734763103184157,30,-0.05882352941176472,-0.09358096200458801,30,0.1165103456070926,-0.4908368981998177,30,-0.9114276895664172,-0.673204772424352,30,-0.6876180693441408,0.6363636363636364,30,0.782608695652174,1587,88,0.055450535601764335,1113,782,0.7026055705300989
mnist,krum_bound30,42,30,0.3978,0.32222222222222224,0.6691175398664976,30,0.02497181989259852,0.6064339656141096,30,0.6768172925966051,-0.006118242205818001,30,-0.06445047502081501,0.030311558040495103,30,0.19338091836175586,-0.5333772713230065,30,-0.6092633431159115,-0.6172935884682027,30,-0.6107418417505369,0.587121212121212,30,0.72,1457,72,0.04941660947151681,1243,798,0.6419951729686243
mnist,mdbg_l0_only,137,30,0.2134,0.4103703703703704,0.6783164852199002,30,0.42850513283167385,0.7361697258323356,30,0.533879706866209,0.07871484845169055,30,-0.4385017421602789,0.17594003513258186,30,-0.12784184532056,-0.3426333381610953,30,-0.9327184706960393,-0.5371718465977244,30,-0.5320360828059001,0.7371428571428571,30,0.43478260869565216,1512,130,0.08597883597883597,1188,978,0.8232323232323232
mnist,mdbg_l0_only,2024,30,0.5272,0.17148148148148148,0.6324041898091289,30,0.6203104276930959,0.4198239027770669,27,,-0.09543349017033226,30,-0.05882352941176472,-0.12300168750637176,27,,-0.5044963717791193,30,-0.9114276895664172,-0.673204772424352,30,-0.6876180693441408,0.3198051948051948,30,0.0,1587,64,0.04032766225582861,1113,399,0.3584905660377358
mnist,mdbg_l0_only,42,30,0.2593,0.40888888888888886,0.6781143467384179,30,0.02497181989259852,0.7507143902872055,29,,0.050700450299964374,30,-0.06445047502081501,0.10805699404279749,29,,-0.5328239165810509,30,-0.6092633431159115,-0.6172935884682027,30,-0.6107418417505369,0.8104118993135011,30,0.0,1457,97,0.06657515442690459,1243,1007,0.8101367658889783
